state_name,county_name,Debt_All,Debt_Communities_Color,Debt_Majorities_White,Avg_Household_Income_All,Avg_Non_White_Income,Avg_Non_Hispanic
Alabama,AUTAUGA,.2623955,49,.2649472,75326,50809,82971
Alabama,BULLOCK,.2777778,.2727273,49,48571,39215,80344
Alabama,CHILTON,.2815014,49,.280027,62784,47591,65857
Alabama,COLBERT,.2895472,49,.2890272,60904,42998,65431
Alabama,CONECUH,.3046358,.3030303,.3,47286,40122,54421
Alabama,COOSA,.2738853,49,.2844037,56017,37476,63947
Alabama,CRENSHAW,.3108911,49,.3149284,61468,47966,66682
Alabama,CULLMAN,.3008757,49,.3031482,61920,50907,62594
Alabama,DALE,.3198353,49,.3215046,61001,48648,65921
Alabama,ETOWAH,.281717,49,.2773973,59944,41337,64318
Alabama,GENEVA,.3071749,49,.3075196,53077,38198,55244
Alabama,MARENGO,.3255426,.3473684,.245283,54556,42686,70338
Alabama,MOBILE,.2901475,.2586858,.3098539,64556,47658,76669
Alabama,TALLADEGA,.2459872,49,.2464945,62758,52332,68492
Alabama,TALLAPOOSA,.247605,.3294118,.2442053,60734,39221,68552
Alabama,TUSCALOOSA,.3090464,49,.3309971,73432,52839,84986
Alaska,ALEUTIANS,.1038961,.1038961,49,101964,86979,133787
Alaska,ANCHORAGE,.3041687,.2756696,.3036756,109042,86133,121674
Alaska,BETHEL,.1205674,.1205674,49,70804,59999,132395
Alaska,DENALI,.2941177,49,.2941177,85694,73123,87109
Alaska,DILLINGHAM,.1782178,.1782178,49,72576,65900,114253
Alaska,FAIRBANKS,.3503909,49,.356021,103334,109301,101587
Alaska,HAINES,.1232877,49,.1232877,72356,46093,77207
Alaska,KENAI,.2640092,49,.2667457,85348,71327,87619
Alaska,KETCHIKAN,.2137931,49,.2155388,92764,75027,100439
Alaska,KODIAK,.2886905,49,49,94946,82439,103039
Alaska,KUSILVAK,.0409836,.0409836,49,47654,46211,105445
Alaska,MATANUSKA-SUSITNA,.3301435,49,.3198068,92126,75535,95478
Alaska,NOME,.1609195,.1609195,49,76581,64278,124191
Alaska,NORTH,.2820513,.283871,49,94169,88352,147085
Alaska,NORTHWEST,.1102362,.1102362,49,79967,70570,127172
Alaska,SITKA,.1531915,49,.1531915,90196,73324,97881
Alaska,SOUTHEAST,.2838428,49,.2516556,80810,49184,88603
Alaska,VALDEZ-CORDOVA,.2625483,49,.2552301,96106,90479,97452
Alaska,YAKUTAT,49,49,49,76895,67697,87253
Alaska,YUKON-KOYUKUK,.1272727,.0945946,49,53438,46378,78732
Arizona,APACHE,.4337417,.4774292,.2910959,43748,37697,65916
Arizona,COCHISE,.2893265,.2773498,.2900208,67592,58576,73094
Arizona,COCONINO,.3220798,.4326711,.2844726,81219,59846,93416
Arizona,GILA,.2624688,.2837838,.2458858,58074,52893,60152
Arizona,GREENLEE,.4085106,.4,.3157895,74470,65086,82930
Arizona,MARICOPA,.311102,.2954513,.3168442,92992,76883,101753
Arizona,MOHAVE,.2977987,49,.2997223,63437,56369,65001
Arizona,NAVAJO,.3621711,.4303691,.318322,53425,42266,64474
Arizona,PIMA,.2941502,.3212191,.2875637,76892,65083,84544
Arizona,PINAL,.3579677,.3072128,.3659787,78763,70124,82969
Arizona,YAVAPAI,.2650986,49,.2637445,71282,70313,71439
Arkansas,ARKANSAS,.3584906,49,.3535528,61946,40086,69914
Arkansas,ASHLEY,.3687405,49,.3664495,59845,33834,70400
Arkansas,BAXTER,.263329,49,.2629827,59206,63154,59038
Arkansas,CHICOT,.3435583,.2926829,49,50528,42784,61866
Arkansas,CLEBURNE,.3290183,49,.3290183,61420,45209,61962
Arkansas,CONWAY,.389313,49,.3898305,61828,55863,62990
Arkansas,CRAIGHEAD,.3569704,49,.3522562,68763,58608,72014
Arkansas,CROSS,.3667883,49,.3786408,63421,56355,65816
Arkansas,DESHA,.3049853,.2921348,49,45429,32978,59554
Arkansas,DREW,.3870403,49,.4063205,64337,58228,67128
Arkansas,FAULKNER,.3822258,49,.3837336,74775,53140,79009
Arkansas,GARLAND,.2849381,49,.2863806,61782,45072,64447
Arkansas,HEMPSTEAD,.3154762,49,.2972973,55612,46393,61801
Arkansas,INDEPENDENCE,.377724,49,.3763353,60581,41415,62287
Arkansas,IZARD,.2944607,49,.3014925,54216,42163,54486
Arkansas,LITTLE,.2707775,49,.272973,59109,43591,65515
Arkansas,LONOKE,.4487979,49,.4478022,75963,47154,79271
Arkansas,POINSETT,.3254282,49,.326288,51257,33091,53571
Arkansas,SEARCY,.2727273,49,.2727273,48048,23055,49269
Arkansas,SEBASTIAN,.2786636,.2089041,.2939752,65576,52056,70004
Arkansas,SHARP,.3713768,49,.3747715,48262,60320,47801
Arkansas,WOODRUFF,.2924528,49,.3495146,51320,33486,58338
Arkansas,YELL,.336,49,.3344103,59191,48067,61702
California,ALAMEDA,.2097298,.2187864,.1937244,141427,128196,162954
California,ALPINE,49,49,49,97724,73313,106429
California,AMADOR,.2668178,49,.2659574,81659,77760,82222
California,CALAVERAS,.2599595,49,.2616239,84039,69830,86475
California,COLUSA,.3411928,.3523035,49,77196,65981,89910
California,CONTRA,.2585659,.2684435,.2313246,146387,128109,162832
California,DEL,.2601227,49,.2602564,63515,74252,60119
California,FRESNO,.3051416,.2991887,.3544511,76573,67590,90844
California,GLENN,.2985075,.3333333,.1525424,62706,51843,69402
California,IMPERIAL,.3068756,.3178571,49,64050,61705,77156
California,INYO,.2790698,49,.2981221,71376,59362,76472
California,KERN,.3227986,.314902,.3105023,75669,64740,90209
California,LASSEN,.3329016,49,.3677686,71713,67417,72298
California,MADERA,.3040496,.2987496,.2885835,83590,77641,90688
California,MARIN,.2174581,49,.2233348,180587,127114,192896
California,MARIPOSA,.2369748,49,.2369748,61727,49556,63913
California,MENDOCINO,.2677782,.2941177,.255675,71732,55596,76633
California,MERCED,.3078608,.3094201,.292887,79523,73468,89541
California,MODOC,.2612903,49,.2754237,53699,32503,57235
California,MONO,.2661692,49,.2941177,84427,61668,91692
California,MONTEREY,.2631739,.2793803,.21122,102106,80216,130348
California,NAPA,.2617099,.3301105,.2106164,130499,111148,140243
California,NEVADA,.2449451,49,.2495452,97744,104273,97159
California,PLACER,.2890218,49,.2890661,124843,115999,127533
California,PLUMAS,.2276065,49,.2268657,77027,63065,79015
California,RIVERSIDE,.337148,.3378278,.2762576,95564,85910,106957
California,SACRAMENTO,.2760174,.2822809,.2729129,93318,82570,103200
California,SHASTA,.2786467,.1940299,.2816192,81663,75892,82650
California,SISKIYOU,.2742702,49,.2782115,64251,64388,64221
California,SOLANO,.3047051,.2918351,.2636854,105465,97468,114834
California,SONOMA,.2600619,.2533438,.2564783,117426,98684,123938
California,STANISLAUS,.3039896,.3044251,.3294118,79840,71348,88119
California,SUTTER,.3060556,49,.3267327,89212,78010,98523
California,TEHAMA,.3098659,49,.3040857,70306,58475,74373
California,TULARE,.3205593,.3228182,.3061225,74820,68384,85045
California,TUOLUMNE,.2585112,49,.2596325,83571,77161,84540
California,VENTURA,.2844592,.2938864,.2797606,121196,101144,135311
California,YOLO,.2320026,.3171247,49,107375,82925,127855
California,YUBA,.3227057,49,.3132832,74158,89280,67440
Colorado,ALAMOSA,.2862986,49,49,56513,49816,63021
Colorado,ARAPAHOE,.3067538,.2793797,.3088734,110227,90514,119507
Colorado,ARCHULETA,.2451613,49,.2471396,71666,55003,75727
Colorado,BACA,.3492064,49,.3492064,51324,30844,55192
Colorado,BENT,.2142857,49,.2177419,44983,32551,49645
Colorado,BOULDER,.2290386,49,.2302302,125894,98192,131852
Colorado,BROOMFIELD,.2904523,49,.2920667,144139,146456,143594
Colorado,CHAFFEE,.2715856,49,.2715856,70142,59903,71188
Colorado,CLEAR,.2828947,49,.2828947,84430,73627,85438
Colorado,CONEJOS,.2987552,.3488372,49,50114,40078,63412
Colorado,COSTILLA,.3278688,.3898305,49,46633,37487,68921
Colorado,CROWLEY,.2596154,49,49,50640,45085,53363
Colorado,DENVER,.2699512,.2812974,.2708457,106715,74656,124828
Colorado,DOLORES,.3690476,49,.3690476,62136,205195,58463
Colorado,EAGLE,.2727844,49,.2860386,118174,73704,132060
Colorado,GILPIN,.2256097,49,.2317881,103719,132305,99411
Colorado,GUNNISON,.190678,49,.1923077,77389,50894,79668
Colorado,HINSDALE,49,49,49,74731,45630,76622
Colorado,HUERFANO,.2592593,49,.1929825,50466,44024,53769
Colorado,KIT,.3348416,49,.3363636,69660,63061,70869
Colorado,LARIMER,.2870157,49,.2871825,98731,76965,101962
Colorado,LAS,.3270042,49,49,56571,46287,64386
Colorado,MESA,.3145928,49,.3169559,78226,66318,80408
Colorado,MOFFAT,.3390244,49,.3410853,70569,51176,73922
Colorado,MONTEZUMA,.2988506,49,.2899329,61197,50106,64191
Colorado,MONTROSE,.2935709,49,.2969984,66576,55690,68855
Colorado,OURAY,.2333333,49,.2333333,89953,58336,91342
Colorado,PITKIN,.245098,49,.2536765,123052,97552,125147
Colorado,PROWERS,.2909091,49,49,57202,45778,62976
Colorado,PUEBLO,.3318906,49,.4029503,66317,56004,73694
Colorado,ROUTT,.2342995,49,.242228,106451,84529,107881
Colorado,SAGUACHE,.2548077,.3703704,.184,51603,46901,54269
Colorado,TELLER,.2777778,49,.2821782,84460,97156,83489
Colorado,WELD,.3697842,49,.3837434,95567,74032,103829
Colorado,YUMA,.3208191,49,.3208191,68157,46145,72859
Connecticut,HARTFORD,.2938775,.2302019,.3153292,101930,77041,114921
Connecticut,LITCHFIELD,.3430378,49,.3435204,112372,117522,111867
Connecticut,TOLLAND,.3263617,49,.3270295,118561,108398,120050
District Of Columbia,DISTRICT,.1794896,.2285009,.1282693,135369,87618,199025
Florida,ALACHUA,.2544899,.2406015,.274381,73143,61231,79695
Florida,BREVARD,.314189,.2133333,.3140535,78841,65505,82421
Florida,BROWARD,.3035327,.300568,.2907816,88786,77781,103094
Florida,CITRUS,.3057451,49,.3064873,65270,63301,65495
Florida,COLLIER,.3117068,.351321,.2817849,121643,71475,139313
Florida,DIXIE,.2731183,49,.2731183,56035,39139,58011
Florida,ESCAMBIA,.2964034,.2109827,.3118497,73632,52875,83421
Florida,FLAGLER,.3456297,49,.3476292,79514,77000,80146
Florida,GADSDEN,.3614458,.3601741,49,53811,45706,67475
Florida,GILCHRIST,.3170732,49,.3170732,56762,35735,58336
Florida,GLADES,.3919598,49,49,55963,52360,57573
Florida,GULF,.2860215,49,.2831461,61039,45006,63771
Florida,HARDEE,.3677249,.4085366,49,53433,42217,61274
Florida,HENDRY,.3438045,.3303571,49,56396,50811,65059
Florida,HERNANDO,.3408302,49,.3419847,62821,59650,63576
Florida,HIGHLANDS,.3118783,49,.3133462,65399,50916,70582
Florida,INDIAN,.3088495,.3480392,.3099569,87627,64618,92773
Florida,LEVY,.2916374,49,.295977,49934,40057,51874
Florida,MANATEE,.3195406,49,.3225986,92213,68499,97930
Florida,MIAMI-DADE,.2911401,.2955348,49,82803,73236,138866
Florida,OKALOOSA,.3621422,49,.363072,85766,70248,89776
Florida,OKEECHOBEE,.3392719,49,.3354922,58238,45978,62413
Florida,PALM,.3218119,.3070107,.3302502,101876,74741,116398
Florida,PASCO,.3604529,49,.3473651,73875,77845,72828
Florida,PINELLAS,.2780125,.2570404,.2825254,83277,67502,87082
Florida,SARASOTA,.2887459,49,.2956082,94576,71604,97407
Florida,SUWANNEE,.3395502,49,.3519589,61690,41417,66248
Florida,VOLUSIA,.3154732,.25,.3113208,70972,59498,74550
Florida,WAKULLA,.3776908,49,.3842315,73794,78910,73068
Georgia,APPLING,.2650602,49,.2720721,54634,34992,60778
Georgia,ATKINSON,.27,49,49,54979,35342,65170
Georgia,BACON,.2401216,49,.2401316,53187,30769,58794
Georgia,BALDWIN,.2966841,49,.245283,56958,49055,63124
Georgia,BANKS,.2771739,49,.2771739,56327,40741,58065
Georgia,BARROW,.3653571,49,.3653571,77081,65717,81458
Georgia,BARTOW,.3120212,49,.3133136,70644,44135,77420
Georgia,BEN,.2234206,49,.2168675,43566,28041,56083
Georgia,BIBB,.2728187,.2417169,.315508,67678,46101,96567
Georgia,BLECKLEY,.2885714,49,.2885714,56095,32465,62809
Georgia,BRANTLEY,.266055,49,.266055,51349,43583,51835
Georgia,BULLOCH,.3003663,49,.3270677,61191,53716,64889
Georgia,BUTTS,.3182957,49,.3145897,72157,74481,71207
Georgia,CANDLER,.31875,49,.31875,52898,41200,59424
Georgia,CATOOSA,.3302348,49,.3305542,71692,74131,71623
Georgia,CHARLTON,.27,49,.3387097,52464,39184,56976
Georgia,CHATTAHOOCHEE,.376506,49,49,64522,52628,69956
Georgia,CHATTOOGA,.2790698,49,.2790698,48964,34720,50632
Georgia,CLINCH,.2673797,49,.2611111,39016,25245,45298
Georgia,COBB,.2675009,.2565586,.2680767,108459,87971,125246
Georgia,COLQUITT,.2966168,49,.2898551,55000,42188,62733
Georgia,COWETA,.3399004,49,.3420238,90034,73320,96049
Georgia,CRISP,.2702703,49,49,56889,39216,70687
Georgia,DOOLY,.2777778,.3010753,49,57325,43634,72830
Georgia,DOUGHERTY,.2726578,.2577372,49,51382,43415,68511
Georgia,EARLY,.275974,49,49,46829,37628,55267
Georgia,ECHOLS,.3333333,49,.3243243,53541,54165,53307
Georgia,ELBERT,.2429752,49,.2868852,53908,42781,59094
Georgia,EMANUEL,.2853403,49,.2969697,50288,38245,57455
Georgia,EVANS,.318612,49,49,54026,37986,64697
Georgia,GLASCOCK,.3690476,49,.3536585,61176,61186,61175
Georgia,GLYNN,.3021958,.2644377,.2950226,82009,62521,90586
Georgia,GORDON,.3024523,49,.3077354,63076,50197,65821
Georgia,GWINNETT,.2861522,.2647405,.3322277,93401,78495,115129
Georgia,HABERSHAM,.2696547,49,.2697709,63866,60578,64466
Georgia,HARALSON,.3005291,49,.2997881,63993,51496,64984
Georgia,HEARD,.2886297,49,.2886297,58620,43966,61277
Georgia,IRWIN,.3171642,49,49,51912,24542,62114
Georgia,JENKINS,.3018868,49,49,39307,24342,50116
Georgia,LANIER,.3894231,49,.3894231,50196,38117,54919
Georgia,LONG,.4631579,49,.4643799,63440,55734,68381
Georgia,LUMPKIN,.2990654,49,.2994152,71726,53682,72962
Georgia,MCDUFFIE,.2768778,49,.2965517,55341,42643,65412
Georgia,MERIWETHER,.2888583,.2519084,.277027,51952,35056,63682
Georgia,MUSCOGEE,.2798854,.266535,.2942008,70702,55549,91543
Georgia,OGLETHORPE,.3092269,49,.3063291,58012,42370,61823
Georgia,PEACH,.3390023,.3280182,.3498871,63011,48637,76835
Georgia,RABUN,.2757353,49,.2757353,66194,42868,68099
Georgia,ROCKDALE,.3012538,.300375,49,78651,82203,71881
Georgia,SCHLEY,.3533333,49,.3557047,54667,33568,64438
Georgia,SCREVEN,.332636,49,.359375,56501,45369,64192
Georgia,SPALDING,.2784314,49,.305668,68860,50025,80820
Georgia,TALIAFERRO,.122807,.1272727,49,49292,44925,56537
Georgia,TATTNALL,.3033537,49,.3233533,57852,43148,63844
Georgia,TELFAIR,.2876712,.3059702,49,51004,42852,56181
Georgia,TIFT,.3123487,49,.3416667,60196,40781,72971
Georgia,TOOMBS,.2995227,49,.327027,64821,63828,65348
Georgia,TOWNS,.2716628,49,.2716628,61147,46837,61766
Georgia,TREUTLEN,.2736842,49,.2736842,53068,51691,53550
Georgia,TROUP,.3038529,49,.295082,62990,37682,81679
Georgia,TWIGGS,.3368794,.2967742,.3858268,49399,45284,52000
Georgia,UPSON,.2420242,49,.2406356,52684,44023,56441
Georgia,WALTON,.3152493,49,.3092214,82283,62794,88388
Georgia,WARE,.2466368,49,.2586989,52895,38708,59370
Georgia,WHITFIELD,.3104439,49,.352459,72484,62194,76917
Georgia,WILCOX,.3024691,49,.3230769,53060,37148,58433
Hawaii,HAWAII,.247317,.2430333,49,88393,85937,91916
Hawaii,HONOLULU,.2420367,.2439285,.2528409,111776,107744,125785
Hawaii,KALAWAO,49,49,49,83246,84386,79940
Hawaii,KAUAI,.2392796,.2320644,.2039216,100559,95678,108832
Hawaii,MAUI,.2450808,.2578502,49,99883,96506,105072
Idaho,ADA,.3067449,49,.3079475,96684,83899,98374
Idaho,BANNOCK,.3350573,49,.3383743,65404,57123,66724
Idaho,BEAR,.4358974,49,.4358974,66372,46426,67456
Idaho,BENEWAH,.2819672,49,.2572614,56776,44489,58214
Idaho,BINGHAM,.3691081,49,.3762846,67631,49293,72724
Idaho,BOISE,.3250884,49,.3250884,72816,74860,72666
Idaho,BONNER,.2831077,49,.2831858,66370,57878,66802
Idaho,BONNEVILLE,.3563958,49,.3585571,84685,56518,89130
Idaho,BOUNDARY,.222488,49,.229064,64115,73485,63331
Idaho,CAMAS,49,49,49,72695,30327,73911
Idaho,CANYON,.3329718,49,.3433568,71937,61422,75566
Idaho,CARIBOU,.4830509,49,.4830509,72773,53688,74308
Idaho,CASSIA,.3212796,49,.3212796,66145,55874,69323
Idaho,ELMORE,.3755606,49,.3755606,56989,43621,60742
Idaho,GEM,.2639751,49,.2639751,57326,48844,58312
Idaho,GOODING,.3088235,49,.3161094,62514,55675,64358
Idaho,IDAHO,.2609603,49,.2578616,54281,57771,54064
Idaho,JEROME,.3766423,49,.3766423,62875,55769,65536
Idaho,KOOTENAI,.3045765,49,.306886,74659,75077,74623
Idaho,LATAH,.2683128,49,.2683128,66546,38165,69216
Idaho,LEMHI,.2452107,49,.2490272,53967,59939,53780
Idaho,MINIDOKA,.3300971,49,.3296501,67816,50891,75857
Idaho,NEZ,.3461539,.4102564,.3422292,71465,56273,72878
Idaho,OWYHEE,.2788732,49,.2788732,60798,39340,67686
Idaho,PAYETTE,.3380282,49,.3380282,68276,61367,69435
Idaho,POWER,.2955466,49,49,63375,47796,69886
Idaho,SHOSHONE,.3029613,49,.3029613,53892,27800,55841
Idaho,TWIN,.3335717,49,.3361253,72044,51969,76553
Illinois,BOND,.3303571,49,.3303571,72369,57826,73510
Illinois,BUREAU,.3380414,.3090909,.3396226,72177,64759,72846
Illinois,COLES,.3175572,49,.3175572,66458,52298,67296
Illinois,DUPAGE,.2694329,.3054683,.2618982,126800,110139,133159
Illinois,EDGAR,.3308271,49,.3308271,62511,118142,61854
Illinois,EFFINGHAM,.292851,49,.292851,77771,47523,78630
Illinois,IROQUOIS,.3471445,49,.3464567,65047,59356,65421
Illinois,JERSEY,.2847897,49,.2847897,75610,44888,76294
Illinois,JO,.3532537,49,.3537234,74630,55328,75222
Illinois,KANKAKEE,.3039877,.1698113,.3239437,73666,54488,79399
Illinois,MCDONOUGH,.3115385,49,.3115385,60150,63541,59926
Illinois,MACOUPIN,.3217855,49,.3217855,68714,57349,69078
Illinois,MASSAC,.2785388,49,.2785388,56735,44263,58049
Illinois,MOULTRIE,.3325,49,.3325,73189,54712,73637
Illinois,OGLE,.366605,49,.3680944,75899,59667,77373
Illinois,PEORIA,.3114446,.2209632,.3250278,82292,69132,86844
Illinois,PIATT,.3658537,49,.3658537,81088,59180,81458
Illinois,SANGAMON,.3332776,49,.3431011,80923,51744,86959
Illinois,STEPHENSON,.2917241,49,.2916379,62817,41761,66393
Illinois,WHITESIDE,.3931767,49,.3931767,71473,57629,73213
Illinois,WILL,.3441583,.306233,.3637812,108439,93625,114642
Indiana,BARTHOLOMEW,.3133694,49,.3134037,87331,114743,82641
Indiana,BLACKFORD,.3341969,49,.3341969,56693,48209,56979
Indiana,DEARBORN,.3436533,49,.3436533,80394,54490,80937
Indiana,DUBOIS,.253003,49,.2528388,74871,50870,76607
Indiana,ELKHART,.2970979,49,.2980056,72420,48819,78714
Indiana,FOUNTAIN,.3615108,49,.3615108,67826,57398,68215
Indiana,HENDRICKS,.3776486,49,.37906,108107,102800,108985
Indiana,HUNTINGTON,.3897436,49,.3897436,64240,50164,64850
Indiana,JAY,.2734761,49,.2734761,60027,47612,60466
Indiana,JENNINGS,.3146453,49,.3149425,67996,171316,64421
Indiana,KOSCIUSKO,.30834,49,.310554,77934,68784,78860
Indiana,LAGRANGE,.2497472,49,.2502554,77943,38583,79652
Indiana,LAPORTE,.327374,49,.3282783,73242,52592,77097
Indiana,PARKE,.3688889,49,.3697105,64709,63364,64791
Indiana,PORTER,.3515466,49,.3518036,92719,84294,94031
Indiana,POSEY,.3231492,49,.3231492,78947,53002,79755
Indiana,STARKE,.3352436,49,.3352436,64476,42254,65186
Indiana,SWITZERLAND,.3846154,49,.3822394,62890,74422,62433
Indiana,TIPPECANOE,.2864785,49,.2886156,70167,49206,75510
Indiana,VANDERBURGH,.2726797,49,.2758236,72542,53764,75416
Indiana,VERMILLION,.3481781,49,.3479167,61067,44572,61545
Indiana,VIGO,.2879257,49,.289367,65988,74601,64936
Indiana,WABASH,.3188259,49,.318413,64394,75084,63979
Indiana,WARRICK,.3112488,49,.3116635,94684,112588,93364
Iowa,ALLAMAKEE,.3089431,49,.3089431,65543,48403,66647
Iowa,APPANOOSE,.3184211,49,.3184211,58551,34192,59595
Iowa,AUDUBON,.2133333,49,.2176871,64386,96931,63489
Iowa,BLACK,.2950439,49,.3023685,83308,83869,83189
Iowa,BREMER,.3412699,49,.3435419,82376,75564,82561
Iowa,CERRO,.2388724,49,.2387725,72174,51527,73533
Iowa,CLAYTON,.3426087,49,.3426087,65784,56534,66016
Iowa,DES,.2681518,49,.2681518,69054,38879,72029
Iowa,DUBUQUE,.3513514,49,.3504184,80313,66820,81234
Iowa,GUTHRIE,.3253731,49,.3253731,73346,64328,73633
Iowa,IDA,.3482143,49,.3482143,78094,53206,78652
Iowa,KEOKUK,.3162939,49,.316129,70155,43606,71041
Iowa,KOSSUTH,.1924779,49,.1924779,69498,44003,70412
Iowa,MAHASKA,.3093415,49,.3093415,68931,46998,69834
Iowa,MONONA,.3131673,49,.3131673,64281,29157,66228
Iowa,MUSCATINE,.3512461,49,.355275,74538,61974,76906
Iowa,O'BRIEN,.259901,49,.259901,67826,56327,68363
Iowa,POTTAWATTAMIE,.3582349,49,.359037,72350,52035,74427
Iowa,POWESHIEK,.3644524,49,.363964,74234,59144,74767
Iowa,RINGGOLD,.3,49,.3,69971,37082,70915
Iowa,SAC,.28,49,.28,73425,38352,74645
Iowa,STORY,.2888446,49,.29,79726,42179,87054
Iowa,TAMA,.3636364,49,.3676093,70779,53947,73000
Iowa,WAPELLO,.2798077,49,.2798077,62750,53120,63916
Iowa,WINNESHIEK,.2555147,49,.2555147,77597,36449,78338
Iowa,WOODBURY,.3145449,49,.3383298,71578,52328,78295
Kansas,BARBER,.2954545,49,.2971429,65824,45226,67630
Kansas,CLOUD,.251938,49,.251938,62840,52931,63153
Kansas,COFFEY,.2537313,49,.2537313,76736,67057,77388
Kansas,COWLEY,.2723915,49,.2731481,62458,54793,63646
Kansas,DONIPHAN,.3492823,49,.3492823,63346,38311,64462
Kansas,ELLSWORTH,.3238636,49,.3238636,64204,68038,63935
Kansas,FINNEY,.2979626,.2922014,.3333333,70722,62116,78765
Kansas,FORD,.2520661,.2395709,.3333333,66956,55718,77827
Kansas,GEARY,.4224138,49,.5357143,61506,56350,65044
Kansas,GOVE,.2446809,49,.2446809,63257,49852,64276
Kansas,HARVEY,.3023023,49,.3023023,70297,50697,73149
Kansas,HODGEMAN,49,49,49,72283,48038,74756
Kansas,JEWELL,.3076923,49,.3076923,58991,28276,60146
Kansas,KEARNY,.2803738,49,.2808989,71099,51858,77225
Kansas,KINGMAN,.3196347,49,.3196347,80453,93999,79656
Kansas,LABETTE,.2740864,49,.2740864,58891,49434,60318
Kansas,LEAVENWORTH,.3388938,49,.3388938,89525,62299,94188
Kansas,NEOSHO,.3034934,49,.3034934,57067,42930,58200
Kansas,NESS,.19,49,.19,75575,62889,76672
Kansas,OSBORNE,.2421875,49,.2421875,67431,114216,65138
Kansas,PRATT,.2978056,49,.2978056,69382,73811,69130
Kansas,RAWLINS,.1733333,49,.1733333,63730,64318,63688
Kansas,RENO,.2820242,49,.2846482,65695,59140,66518
Kansas,REPUBLIC,.2529412,49,.2544379,58436,60317,58390
Kansas,RILEY,.265521,49,.2520185,66449,47011,70721
Kansas,ROOKS,.299363,49,.299363,60896,36327,61616
Kansas,RUSH,.2580645,49,.2580645,56665,66079,56066
Kansas,SEDGWICK,.3015603,.1312217,.3241422,78411,61206,84369
Kansas,SHAWNEE,.3004467,.2008197,.3089955,78471,59611,83629
Kansas,TREGO,.2765957,49,.2765957,69210,139224,65466
Kansas,WABAUNSEE,.3142857,49,.3142857,69670,56201,70201
Kansas,WALLACE,49,49,49,68214,53078,69257
Kansas,WOODSON,.2254902,49,.2254902,51321,27513,52840
Kansas,WYANDOTTE,.250315,.2289463,.3213429,58167,49185,69067
Kentucky,BALLARD,.219697,49,.2183908,62411,42934,63260
Kentucky,BARREN,.294697,49,.2966102,53857,44615,54540
Kentucky,BOURBON,.3138686,49,.316265,68312,41778,72051
Kentucky,BOYLE,.2872117,49,.2900108,67505,48595,69780
Kentucky,BRACKEN,.3378378,49,.3378378,59654,69630,59257
Kentucky,BREATHITT,.2201087,49,.2213115,46260,52530,46123
Kentucky,BRECKINRIDGE,.2625698,49,.2635514,59753,38843,60642
Kentucky,BULLITT,.3180091,49,.3183549,80659,56967,81952
Kentucky,CALLOWAY,.2222222,49,.2222222,57431,33556,59973
Kentucky,CARLISLE,.2323944,49,.2323944,74424,37051,75492
Kentucky,CASEY,.2484725,49,.2484725,46614,43022,46710
Kentucky,CRITTENDEN,.2230769,49,.2200772,58303,63403,58142
Kentucky,EDMONSON,.2138889,49,.2138889,52578,48252,52727
Kentucky,ELLIOTT,.1785714,49,.1785714,43276,11600,43490
Kentucky,ESTILL,.2647059,49,.2647059,43297,16380,43664
Kentucky,FLEMING,.3097345,49,.3097345,58083,50330,58435
Kentucky,GARRARD,.3107345,49,.3113208,66967,40407,68368
Kentucky,GRAVES,.2524272,49,.2524272,61303,35619,63750
Kentucky,GREENUP,.3092876,49,.3095668,69483,78153,69140
Kentucky,HART,.2530121,49,.2530121,51902,66910,50670
Kentucky,JESSAMINE,.2884732,49,.290421,84773,50798,87704
Kentucky,KENTON,.3228422,49,.3232792,89473,54040,93071
Kentucky,KNOTT,.3444976,49,.3514852,43034,21525,43460
Kentucky,LARUE,.2807018,49,.2807018,61993,38338,63288
Kentucky,LAUREL,.3407534,49,.297714,56574,51390,56756
Kentucky,LESLIE,.2813456,49,.2920635,39649,96005,38735
Kentucky,LETCHER,.3343512,49,.3374613,47200,55404,47002
Kentucky,MCCRACKEN,.2116377,49,.2118765,69078,52664,71716
Kentucky,MCCREARY,.2411504,49,.2411504,39988,11125,40360
Kentucky,MAGOFFIN,.2349869,49,.2340426,43655,26300,43833
Kentucky,MENIFEE,.226601,49,.226601,47917,23584,48328
Kentucky,METCALFE,.3343949,49,.3343949,47093,21538,49110
Kentucky,MUHLENBERG,.2971246,49,.2971246,57437,41134,58396
Kentucky,OWEN,.2830189,49,.2901961,68307,44841,68629
Kentucky,OWSLEY,.2406015,49,.2362205,47219,49,47219
Kentucky,ROCKCASTLE,.2972399,49,.2972399,51627,29704,51874
Kentucky,SPENCER,.3270869,49,.3270869,91493,92366,91446
Kentucky,TRIGG,.2901235,49,.2901235,67091,63011,67519
Kentucky,TRIMBLE,.2824427,49,.2824427,65931,47812,66908
Kentucky,WHITLEY,.2743208,49,.2769912,56554,45166,56880
Kentucky,WOLFE,.2580645,49,.2580645,36718,23300,37001
Kentucky,WOODFORD,.3038906,49,.3037975,80655,57733,83160
Louisiana,ACADIA,.3015544,49,.3034773,61465,36608,67627
Louisiana,ASCENSION,.3771131,.2616279,.3907515,105975,113874,103138
Louisiana,ASSUMPTION,.3384853,.3027523,.3283582,63643,46641,70805
Louisiana,AVOYELLES,.3122896,49,.3154762,57201,36325,66212
Louisiana,BEAUREGARD,.3681267,49,.3681267,67685,59523,69380
Louisiana,BIENVILLE,.3186274,.3495935,.3636364,49035,32985,62291
Louisiana,BOSSIER,.3691328,49,.3719308,69729,51890,77663
Louisiana,CALCASIEU,.333719,.2800908,.3602564,76975,49450,88720
Louisiana,CATAHOULA,.3213115,49,.3363229,60017,38364,68082
Louisiana,CONCORDIA,.28327,.25,.3167939,51568,30698,65314
Louisiana,EAST,.2958258,49,.3265993,68891,53073,78792
Louisiana,EVANGELINE,.3231774,49,.3234649,48970,27944,57770
Louisiana,IBERIA,.2787041,.244898,.3300142,63066,42677,75794
Louisiana,IBERVILLE,.3110624,.3297297,.3188406,66504,49686,80115
Louisiana,LAFOURCHE,.3467934,49,.348138,68225,41218,74495
Louisiana,LASALLE,.3780822,49,.3843931,60286,42658,62490
Louisiana,MOREHOUSE,.277647,49,.2974359,45813,30113,59620
Louisiana,NATCHITOCHES,.3141264,.421875,.2868217,47309,33391,58945
Louisiana,OUACHITA,.2861736,.2097902,.3190128,64077,34688,85324
Louisiana,PLAQUEMINES,.3586801,.3873874,.3634538,76432,56265,85893
Louisiana,POINTE,.322963,.2610442,.3619048,66680,47894,78151
Louisiana,RAPIDES,.3209408,.2737263,.3448763,68816,50016,78891
Louisiana,TANGIPAHOA,.3462307,.3181818,.368171,65721,51935,71942
Louisiana,TENSAS,.2903226,49,49,39433,30850,49538
Louisiana,TERREBONNE,.3070818,49,.3258289,73594,57583,80921
Louisiana,VERMILION,.3133998,49,.3156409,66097,44110,71049
Louisiana,WEST,.297546,49,49,85586,56070,98953
Louisiana,WINN,.3065217,49,.3546099,56203,39561,62921
Maine,ANDROSCOGGIN,.3881541,49,.3901582,77447,70321,77918
Maine,AROOSTOOK,.3947615,49,.3954034,52681,69400,52029
Maine,KENNEBEC,.3733895,49,.3721805,73143,81502,72817
Maine,OXFORD,.3844866,49,.3864274,62267,50897,62555
Maine,PENOBSCOT,.401754,49,.4020143,69161,53170,69881
Maine,PISCATAQUIS,.39523,49,.39523,53870,56904,53778
Maine,SAGADAHOC,.3651822,49,.3657745,76602,57766,77381
Maine,WALDO,.3593141,49,.3592157,68013,66599,68065
Maryland,ANNE,.3357621,.3205436,.3247793,130006,115488,135535
Maryland,CALVERT,.3797776,49,.3798746,126581,85693,136879
Maryland,CECIL,.3861828,49,.3874278,92059,66684,96261
Maryland,GARRETT,.4228188,49,.4228188,71004,71375,71000
Maryland,HARFORD,.387625,.369863,.3815661,113104,103802,115605
Maryland,QUEEN,.3784278,49,.3784278,117490,93640,120120
Maryland,TALBOT,.3041667,49,.3035117,109992,66160,120277
Maryland,WICOMICO,.3366033,49,.3428436,76908,66120,82221
Maryland,BALTIMORE,.2505273,.2506614,.2653061,75522,59492,110091
Massachusetts,BARNSTABLE,.3204554,49,.3219674,111887,77862,114893
Massachusetts,BERKSHIRE,.3722933,49,.3744723,83502,66298,84785
Massachusetts,DUKES,.3196159,49,.3204952,107446,56153,113169
Massachusetts,HAMPDEN,.3138871,.2677165,.3333333,81547,54335,95285
Massachusetts,NANTUCKET,.2698413,49,.2632743,147953,91856,152107
Massachusetts,PLYMOUTH,.3582837,.30407,.3718527,120462,87485,126276
Massachusetts,WORCESTER,.3528311,.2666667,.3604133,101636,87778,105066
Michigan,ALCONA,.3172043,49,.3172043,52435,33023,52881
Michigan,ALGER,.3109541,49,.3109541,55675,54327,55776
Michigan,ALLEGAN,.2966125,49,.296756,78236,57001,80280
Michigan,ALPENA,.3463074,49,.3463074,57448,70938,57068
Michigan,ANTRIM,.3654762,49,.3654762,75224,47285,76208
Michigan,ARENAC,.3417191,49,.3417191,54451,49365,54614
Michigan,BARAGA,.267148,49,.2692308,60698,57272,61501
Michigan,BAY,.3537851,49,.354256,67223,67924,67162
Michigan,BENZIE,.3081664,49,.3081664,70067,52629,71003
Michigan,BERRIEN,.2582528,.2282378,.2754851,76451,44287,84799
Michigan,BRANCH,.3023975,49,.3023975,64845,63071,64943
Michigan,CHARLEVOIX,.3522595,49,.3515081,75996,61815,76556
Michigan,CHEBOYGAN,.3535469,49,.3559908,58961,45644,59846
Michigan,CLARE,.3229167,49,.3229167,53634,34523,54413
Michigan,DICKINSON,.2429696,49,.2429696,66336,67920,66295
Michigan,EATON,.3700581,49,.3745819,83245,81734,83496
Michigan,EMMET,.3272727,49,.3283582,76988,69517,77442
Michigan,GLADWIN,.3274232,49,.3274232,58130,48232,58448
Michigan,GOGEBIC,.2924528,49,.2924528,55695,33253,56642
Michigan,GRATIOT,.3654342,49,.365917,63319,58718,63667
Michigan,HILLSDALE,.3391941,49,.3394834,63636,44226,64225
Michigan,HOUGHTON,.257868,49,.257868,59156,41145,60598
Michigan,INGHAM,.3136095,49,.3109078,73701,59972,78387
Michigan,IONIA,.3342511,49,.3342511,67679,59958,68192
Michigan,IOSCO,.3234286,49,.3241061,54041,56842,53908
Michigan,ISABELLA,.3018446,49,.3043478,62070,67037,61298
Michigan,KALAMAZOO,.2944036,.2070064,.298652,79173,52051,85584
Michigan,KALKASKA,.3811252,49,.3811252,58863,67197,58416
Michigan,KEWEENAW,.2903226,49,.2786885,70757,77810,70563
Michigan,LAPEER,.372299,49,.372299,81767,72948,82216
Michigan,LEELANAU,.3184143,49,.3184143,90159,61526,92052
Michigan,LENAWEE,.3698454,49,.3698454,69443,49795,72005
Michigan,LUCE,.3785714,49,.3785714,57942,62486,57279
Michigan,MACKINAC,.3542857,49,.3542857,59860,50233,62882
Michigan,MACOMB,.3801191,49,.3894042,80511,70043,82804
Michigan,MANISTEE,.3029586,49,.3029586,64676,58648,65020
Michigan,MECOSTA,.3285714,49,.3285714,59964,45689,61001
Michigan,MISSAUKEE,.3242009,49,.3242009,58955,59677,58926
Michigan,MONTCALM,.3270936,49,.3275777,61868,53528,62223
Michigan,MONTMORENCY,.3878205,49,.3878205,49847,35377,50293
Michigan,MUSKEGON,.2864984,49,.290468,66691,44145,72136
Michigan,NEWAYGO,.2932979,49,.2932979,64330,61649,64511
Michigan,OAKLAND,.3667305,.3399817,.3777148,111724,91699,118871
Michigan,OCEANA,.2541766,49,.2541766,62380,60587,62606
Michigan,OGEMAW,.3347222,49,.3347222,53794,58713,53606
Michigan,ONTONAGON,.2712766,49,.2712766,51229,64306,50793
Michigan,OSCEOLA,.316312,49,.316312,55654,49910,55846
Michigan,OSCODA,.34375,49,.34375,54980,29911,55988
Michigan,PRESQUE,.291954,49,.291954,61488,133152,60166
Michigan,ROSCOMMON,.3537572,49,.3537572,53935,45585,54239
Michigan,SAGINAW,.3363879,.2668513,.3622449,70446,49451,78220
Michigan,SANILAC,.3234421,49,.3231798,60795,58627,60902
Michigan,SCHOOLCRAFT,.2022901,49,.2022901,55520,48829,56378
Michigan,SHIAWASSEE,.3637977,49,.3635556,70485,41873,71695
Michigan,TUSCOLA,.3389437,49,.338766,62669,56927,62916
Michigan,WASHTENAW,.2872048,49,.2897928,107685,81856,116859
Michigan,WEXFORD,.3308411,49,.3308411,62864,54214,63184
Minnesota,AITKIN,.3187391,49,.3187391,62069,51466,62548
Minnesota,ANOKA,.3434406,49,.3496617,101333,88095,103307
Minnesota,BECKER,.3239172,49,.3274612,77834,55573,80387
Minnesota,BELTRAMI,.2638889,.255102,.2673849,65296,44442,71151
Minnesota,BLUE,.3132911,49,.3155934,75171,52904,77076
Minnesota,CARLTON,.3507719,49,.3517241,76930,54322,78713
Minnesota,CARVER,.3410607,49,.3412774,127548,115850,128499
Minnesota,CHISAGO,.3622142,49,.3622142,94060,104634,93712
Minnesota,CLEARWATER,.2553957,49,.2553957,67122,49684,69319
Minnesota,COOK,.2634146,49,.2765957,69447,53160,71842
Minnesota,COTTONWOOD,.2750643,49,.2750643,63918,38209,66666
Minnesota,CROW,.3173122,49,.3173122,74086,53460,74724
Minnesota,FARIBAULT,.2704403,49,.2704403,66870,55981,67582
Minnesota,FREEBORN,.2778367,49,.2778367,67802,45225,70300
Minnesota,GOODHUE,.3175231,49,.3175231,82660,57666,84065
Minnesota,HENNEPIN,.276388,.2511415,.2795945,112406,80142,122402
Minnesota,HUBBARD,.2657895,49,.2618725,70985,83439,70529
Minnesota,ISANTI,.3558191,49,.3558191,88176,84757,88298
Minnesota,ITASCA,.3143632,49,.3145763,69888,73781,69692
Minnesota,KANABEC,.2869565,49,.2869565,69563,51397,70248
Minnesota,KANDIYOHI,.2488619,49,.2488619,76555,49522,80829
Minnesota,KITTSON,.2960526,49,.3,70529,57617,70691
Minnesota,KOOCHICHING,.1631702,49,.1647059,65070,39568,66341
Minnesota,LAC,.1780105,49,.1780105,70346,50462,71018
Minnesota,MCLEOD,.3289007,49,.3289007,78321,47191,80043
Minnesota,MAHNOMEN,.2608696,49,49,58348,48473,65739
Minnesota,MEEKER,.3192935,49,.3192935,79925,52062,81170
Minnesota,MILLE,.3179191,49,.3179191,68166,51974,69531
Minnesota,MORRISON,.3353659,49,.3362446,72207,53818,72751
Minnesota,MOWER,.2838174,49,.2838174,73382,49563,77074
Minnesota,NICOLLET,.3315217,49,.3315217,83995,59025,86139
Minnesota,NOBLES,.310832,49,.2927757,67732,54941,73200
Minnesota,NORMAN,.3333333,49,.3333333,70747,50536,72241
Minnesota,OLMSTED,.2785941,49,.2787443,106347,91004,109429
Minnesota,OTTER,.2862245,49,.2877698,74388,64380,74857
Minnesota,PINE,.3027638,49,.3027638,66227,62197,66428
Minnesota,PIPESTONE,.243346,49,.243346,71373,37228,74828
Minnesota,POPE,.2839879,49,.2839879,76120,52404,76791
Minnesota,REDWOOD,.3061225,49,.3050459,68621,51389,70377
Minnesota,RICE,.3222876,49,.3222876,94139,81833,95448
Minnesota,ROSEAU,.2951168,49,.2951168,75604,66682,76059
Minnesota,SHERBURNE,.385994,49,.385994,112341,81618,114396
Minnesota,SIBLEY,.3911205,49,.3911205,78374,39390,81457
Minnesota,STEARNS,.3161101,49,.3165361,82412,55148,85712
Minnesota,SWIFT,.2229102,49,.2229102,69054,30338,71610
Minnesota,TRAVERSE,.25,49,.25,67825,42228,70851
Minnesota,WABASHA,.2775974,49,.2775974,81298,42599,82722
Minnesota,WADENA,.3,49,.3,58527,52383,58780
Minnesota,WASECA,.3544304,49,.3544304,73285,28056,77189
Minnesota,WATONWAN,.3236246,49,.3236246,68428,56841,71061
Minnesota,WILKIN,.3353294,49,.3353294,77035,27800,77404
Minnesota,WINONA,.3150985,49,.3150985,74313,60085,75027
Minnesota,YELLOW,.3115385,49,.3115385,71153,50726,73228
Mississippi,ALCORN,.2901057,49,.2934249,58260,55498,58731
Mississippi,AMITE,.3394256,.3064516,.34,50720,34584,62584
Mississippi,ATTALA,.3191011,.3571429,49,55059,39663,67492
Mississippi,BOLIVAR,.2837838,.2592593,.3928571,47724,34660,72520
Mississippi,CHICKASAW,.2806026,.2837838,.3082192,50238,36148,61917
Mississippi,COAHOMA,.283871,.2852349,49,48300,34415,91878
Mississippi,COPIAH,.3087008,.3137255,.28,54908,38976,69547
Mississippi,DESOTO,.3605761,49,.3787669,82611,70837,88771
Mississippi,FORREST,.2742616,49,.295098,57488,42806,68034
Mississippi,GEORGE,.3835443,49,.3835443,62308,31106,65830
Mississippi,GRENADA,.328869,49,.3333333,55874,44262,65243
Mississippi,HINDS,.2850356,.278405,.2277228,61797,51163,90579
Mississippi,ISSAQUENA,49,49,49,49035,47660,51290
Mississippi,ITAWAMBA,.3467863,49,.3467863,56901,48628,57545
Mississippi,KEMPER,.3258929,.3551913,49,42271,30077,65163
Mississippi,LEAKE,.315,49,49,53201,42060,62875
Mississippi,LEFLORE,.2920246,.3004059,49,48239,33507,88786
Mississippi,LOWNDES,.3055092,.2725118,.3040936,65188,43005,84789
Mississippi,NESHOBA,.3527653,49,49,51839,41335,57917
Mississippi,NOXUBEE,.3624595,.3624595,49,48285,37896,73535
Mississippi,OKTIBBEHA,.2676162,49,.3,59862,42592,70730
Mississippi,PEARL,.3329694,49,.3342481,61538,40675,65624
Mississippi,PRENTISS,.2939633,49,.2934211,50723,36707,52832
Mississippi,QUITMAN,.2732919,.2739726,49,36132,31376,46956
Mississippi,RANKIN,.3323894,49,.3369412,82605,76963,84317
Mississippi,SHARKEY,.248,.248,49,47529,32187,98355
Mississippi,SIMPSON,.3202934,49,.3113773,61093,41397,72418
Mississippi,SUNFLOWER,.2990506,.2951699,49,47453,36347,79315
Mississippi,TALLAHATCHIE,.3492064,.3643725,49,48159,37890,61172
Mississippi,TATE,.3178114,49,.3192982,64146,49200,70985
Mississippi,TIPPAH,.2828746,49,.276699,51144,39631,54092
Mississippi,TISHOMINGO,.2915952,49,.2915952,49943,44722,50253
Mississippi,TUNICA,.3128655,.3154574,49,52941,49688,64218
Mississippi,WALTHALL,.2505967,49,49,50698,39826,61245
Mississippi,WILKINSON,.3409091,.3128205,49,41858,30235,64604
Mississippi,WINSTON,.3081181,49,.2424242,57737,39034,73192
Mississippi,YALOBUSHA,.352657,49,.3449612,49019,39562,55058
Mississippi,YAZOO,.2532751,.2336634,.3035714,53676,47153,62538
Missouri,ANDREW,.3044316,49,.3044316,73248,85295,72795
Missouri,ATCHISON,.2709678,49,.2709678,64236,63656,64256
Missouri,AUDRAIN,.3225806,49,.3225806,61557,51127,62697
Missouri,BARRY,.3090909,49,.309387,64139,58104,64940
Missouri,BARTON,.3146667,49,.3146667,64001,42405,65120
Missouri,BATES,.3020833,49,.3020833,67588,37958,68912
Missouri,BOLLINGER,.3121212,49,.3121212,53816,39928,54154
Missouri,CALLAWAY,.3447273,49,.3447273,68870,55230,69971
Missouri,CHARITON,.3314607,49,.3333333,60240,35293,61046
Missouri,CHRISTIAN,.3687094,49,.368962,78788,67076,79359
Missouri,COLE,.3280423,49,.3297683,76584,79912,76076
Missouri,COOPER,.3347107,49,.3347107,63688,59388,63958
Missouri,DADE,.3389121,49,.3389121,55998,28542,57519
Missouri,DAVIESS,.2829457,49,.2829457,64421,46932,64678
Missouri,DENT,.2644628,49,.2661123,54579,36040,55498
Missouri,DUNKLIN,.2578548,49,.2578548,52761,35301,55732
Missouri,GASCONADE,.2946058,49,.2946058,68913,67676,68977
Missouri,GENTRY,.2901554,49,.2901554,61423,46528,61678
Missouri,HICKORY,.2548262,49,.2548262,43912,52624,43473
Missouri,HOWELL,.2723674,49,.2723674,52116,44866,52570
Missouri,LACLEDE,.3243471,49,.3243471,58389,48677,58953
Missouri,MCDONALD,.3311688,49,.353211,54657,53713,54841
Missouri,MARIES,.3375528,49,.3375528,62778,39502,64057
Missouri,MILLER,.303155,49,.303155,64090,43016,64960
Missouri,MISSISSIPPI,.2698413,49,.277512,50405,32279,55692
Missouri,MONITEAU,.3738532,49,.375576,67975,59115,68349
Missouri,NODAWAY,.2368897,49,.2368897,58922,40790,60014
Missouri,OREGON,.2738589,49,.2738589,43846,44819,43799
Missouri,OZARK,.265,49,.2708333,42760,18644,43520
Missouri,PEMISCOT,.2700229,49,.2781065,50700,33003,57972
Missouri,PETTIS,.2743295,49,.2763466,60159,60119,60164
Missouri,RALLS,.34375,49,.34375,67500,72635,67399
Missouri,RAY,.3633987,49,.3633987,74020,78784,73806
Missouri,REYNOLDS,.2485876,49,.2485876,53030,30116,53948
Missouri,RIPLEY,.2740385,49,.2740385,46280,39262,46449
Missouri,STE.,.3024,49,.3024,75189,96547,74600
Missouri,SHANNON,.3428572,49,.3428572,43278,34334,43801
Missouri,STODDARD,.291,49,.2908726,53651,34250,54324
Missouri,STONE,.2977825,49,.2979852,68776,48072,69747
Missouri,TANEY,.2884334,49,.2916667,58053,58652,58002
Missouri,WORTH,.2051282,49,.2051282,59673,26918,60098
Missouri,WRIGHT,.2879046,49,.2879046,48932,88603,47331
Montana,BEAVERHEAD,.2816902,49,.2816902,64856,58312,65310
Montana,BROADWATER,.3987138,49,.3987138,75505,59128,76145
Montana,CASCADE,.3105006,49,.3133588,64362,49154,66593
Montana,CHOUTEAU,.2571429,49,.2571429,57531,34993,62226
Montana,DANIELS,.3809524,49,.3809524,74287,44993,77055
Montana,DEER,.2955326,49,.2955326,54982,24070,57008
Montana,FALLON,.2727273,49,.2727273,80843,43355,82547
Montana,FERGUS,.2630137,49,.2630137,67775,65158,67880
Montana,FLATHEAD,.2861774,49,.2895705,78594,58003,79912
Montana,GALLATIN,.2843459,49,.2857543,97931,81312,99127
Montana,GLACIER,.3255132,.3542857,.2857143,49602,41482,64974
Montana,GRANITE,.1960784,49,.1960784,74718,53453,74965
Montana,JUDITH,.3333333,49,.3333333,61197,36828,62501
Montana,MCCONE,.390625,49,.3859649,68249,48615,69011
Montana,MEAGHER,.3103448,49,.3103448,59768,76854,59163
Montana,MISSOULA,.2707562,49,.2725549,78557,83963,77975
Montana,MUSSELSHELL,.2638037,49,.2638037,55725,75267,53544
Montana,PETROLEUM,49,49,49,69975,72056,69684
Montana,PHILLIPS,.2462687,49,.2307692,59382,51876,60478
Montana,PONDERA,.3035714,49,.3205128,68355,55779,69758
Montana,POWDER,49,49,49,68431,58179,68836
Montana,POWELL,.2487562,49,.2487562,65914,26773,66772
Montana,PRAIRIE,49,49,49,64764,49,64764
Montana,RAVALLI,.2680683,49,.2680683,70220,61100,70723
Montana,ROSEBUD,.2954545,.313253,.2771084,68763,64693,70535
Montana,SANDERS,.2346241,49,.2354312,56419,55483,56500
Montana,SILVER,.2994604,49,.2985348,62015,38033,63837
Montana,STILLWATER,.3231293,49,.3231293,79373,67991,79849
Montana,SWEET,.2827586,49,.2827586,67334,74758,66763
Montana,TOOLE,.2657343,49,.2642857,68818,54923,69815
Montana,TREASURE,.3423423,49,.3423423,58435,13300,62653
Montana,WHEATLAND,.1666667,49,.1730769,54148,82214,53643
Montana,WIBAUX,49,49,49,61871,61400,61895
Montana,YELLOWSTONE,.306294,49,.3080899,88264,57513,91897
Nebraska,ANTELOPE,.3258427,49,.3258427,61503,80152,61081
Nebraska,ARTHUR,49,49,49,60130,31700,60870
Nebraska,BANNER,49,49,49,67962,19071,74638
Nebraska,BOYD,.32,49,.32,65047,76929,64764
Nebraska,BURT,.3615023,49,.3615023,73339,36493,75613
Nebraska,CEDAR,.3019608,49,.3019608,73576,65655,73783
Nebraska,CHASE,.3541667,49,.3541667,68325,59106,69391
Nebraska,CHERRY,.2990196,49,.2990196,67218,52305,68474
Nebraska,CHEYENNE,.2271186,49,.2271186,67772,49814,69055
Nebraska,CUMING,.318328,49,.318328,70360,41132,72771
Nebraska,DAKOTA,.3161994,.2695652,.4333333,71383,72861,70411
Nebraska,DAWES,.3208333,49,.3208333,61430,50203,63324
Nebraska,DIXON,.3892215,49,.3892215,68200,66580,68372
Nebraska,DUNDY,.3076923,49,49,54880,42527,55975
Nebraska,FILLMORE,.2623762,49,.2623762,77326,48905,78274
Nebraska,FRONTIER,49,49,49,66014,34783,66862
Nebraska,FURNAS,.3233083,49,.3233083,60469,53080,60907
Nebraska,GAGE,.3467049,49,.3467049,67921,58035,68317
Nebraska,GARDEN,.3090909,49,.3090909,70294,81339,69994
Nebraska,GOSPER,.2857143,49,.2753623,82286,62249,83771
Nebraska,GREELEY,49,49,49,61001,73460,60752
Nebraska,HARLAN,.2878788,49,.2878788,65235,76774,64777
Nebraska,HAYES,49,49,49,70359,76186,70023
Nebraska,HITCHCOCK,.2613636,49,.2613636,66763,29483,66944
Nebraska,HOLT,.255132,49,.255132,73521,101249,72348
Nebraska,HOOKER,49,49,49,58286,47068,59901
Nebraska,KEARNEY,.3150685,49,.3150685,75055,52306,76184
Nebraska,KEITH,.3129771,49,.3129771,63189,47553,64570
Nebraska,KEYA,49,49,49,71348,27567,71784
Nebraska,KIMBALL,.1896552,49,.1896552,62866,48087,64735
Nebraska,LOUP,49,49,49,59443,18391,61038
Nebraska,MERRICK,.336,49,.3053097,67953,49941,69058
Nebraska,MORRILL,.2941177,49,.2941177,63698,50343,65711
Nebraska,NANCE,.3271028,49,.3271028,66210,55504,66786
Nebraska,NEMAHA,.3445378,49,.3445378,68654,60768,68994
Nebraska,NUCKOLLS,.3219178,49,.3219178,66329,61338,66438
Nebraska,OTOE,.3287938,49,.3287938,75729,57542,77258
Nebraska,PHELPS,.3300654,49,.3300654,75991,42971,78581
Nebraska,RICHARDSON,.267658,49,.267658,61539,58275,61830
Nebraska,SALINE,.3324538,49,.3480663,64190,48267,69088
Nebraska,SARPY,.412961,49,.4184254,100778,82000,103998
Nebraska,SAUNDERS,.3168605,49,.3168605,83130,60181,83975
Nebraska,SCOTTS,.265252,49,.2684022,66631,52311,70321
Nebraska,SEWARD,.3476483,49,.3443299,83079,86899,82917
Nebraska,STANTON,.3333333,49,.3333333,73368,56862,74140
Nebraska,THAYER,.243421,49,.243421,66304,56748,66585
Nebraska,THOMAS,49,49,49,82762,23400,87133
Nebraska,VALLEY,.1639344,49,.1639344,67955,39411,69935
Nevada,CHURCHILL,.330424,49,.3289474,70161,56051,73535
Nevada,ELKO,.4044586,.3157895,.4114159,90670,76198,95872
Nevada,ESMERALDA,49,49,49,50154,37051,52405
Nevada,EUREKA,.2,49,.2,82869,109004,80986
Nevada,HUMBOLDT,.358349,49,.3744292,84751,98483,79471
Nevada,LANDER,.3136095,49,.3136095,84729,70976,91088
Nevada,LYON,.339909,49,.339909,69580,64670,70744
Nevada,NYE,.2692067,49,.2732753,57141,58646,56806
Nevada,PERSHING,.2692308,49,.2692308,60380,60309,60395
Nevada,STOREY,.2781457,49,.2727273,92393,52520,97917
Nevada,WASHOE,.2753987,49,.2816277,97948,76047,106985
New Hampshire,BELKNAP,.4169224,49,.4207207,89116,96429,88893
New Hampshire,CHESHIRE,.3800887,49,.3801217,80523,88103,80176
New Hampshire,GRAFTON,.3558223,49,.3555411,89633,94407,89309
New Hampshire,HILLSBOROUGH,.3772122,49,.3774093,104958,94860,106390
New Hampshire,MERRIMACK,.3939683,49,.3943473,93295,120547,91954
New Hampshire,STRAFFORD,.4100668,49,.4114396,91811,88942,92042
New Jersey,ATLANTIC,.3077882,.1950791,.3343965,93192,68159,108004
New Jersey,BERGEN,.2867929,.2700911,.3015897,147611,128461,160362
New Jersey,BURLINGTON,.3477675,.3555751,.3457783,114940,100134,121218
New Jersey,CAPE,.3210634,49,.3223238,98993,52753,104892
New Jersey,HUDSON,.1877572,.179615,.1963696,110580,95044,141268
New Jersey,HUNTERDON,.2986741,49,.2992034,154256,132828,156922
New Jersey,MONMOUTH,.3261301,49,.3320843,143028,114002,150353
New Jersey,OCEAN,.3163887,49,.3165988,97772,90336,98758
New Jersey,PASSAIC,.2578788,.19822,.3234686,99414,79968,120355
New Mexico,BERNALILLO,.3036259,.3068075,.3003096,78477,68267,90295
New Mexico,CATRON,.2265625,49,.216,50990,71314,47483
New Mexico,CHAVES,.3358572,.3542914,49,58875,50459,68178
New Mexico,CIBOLA,.403125,.4047619,49,52278,47877,64042
New Mexico,COLFAX,.2935323,.3294118,.2266667,49626,41598,57728
New Mexico,DE,.3965517,49,49,49045,55385,44865
New Mexico,DOÃ‘A,.3149847,.3232228,49,57842,49071,75152
New Mexico,LEA,.3737931,.3683295,49,78848,64397,96381
New Mexico,LOS,.2585616,49,.2487923,141162,134420,143098
New Mexico,LUNA,.2796935,.287062,49,43116,40261,47596
New Mexico,MCKINLEY,.4098361,.4094105,49,49716,45753,81521
New Mexico,MORA,.4545455,.4545455,49,43961,43854,44411
New Mexico,OTERO,.3333333,.3172691,.3324176,54602,45159,61263
New Mexico,QUAY,.3306773,49,.3606557,47159,39233,52908
New Mexico,RIO,.3709386,.3723502,49,57304,55528,66321
New Mexico,ROOSEVELT,.3394834,49,49,54667,46820,60065
New Mexico,SANDOVAL,.3743929,.3737864,.2382892,89341,79639,97400
New Mexico,SANTA,.283695,.3051037,.2863071,88182,62463,110756
New Mexico,SIERRA,.205,49,.1891892,49509,60240,45771
New Mexico,SOCORRO,.2639692,.2615741,49,54875,45968,67304
New Mexico,TAOS,.2688766,.2624855,49,58045,48800,69232
New Mexico,TORRANCE,.3526786,.4,49,50947,47717,52963
New Mexico,VALENCIA,.3382738,.3358105,49,73874,72182,76417
New York,ALLEGANY,.3687023,49,.3681783,62811,63027,62806
New York,BRONX,.1416069,.1359514,49,59664,55981,90799
New York,BROOME,.3349225,49,.3358426,68572,53095,71112
New York,CATTARAUGUS,.3915051,49,.3916279,64706,42868,66580
New York,CAYUGA,.4089721,49,.4087146,78177,51889,79833
New York,CHAUTAUQUA,.3705159,49,.3702724,65136,42196,67345
New York,CHEMUNG,.3562216,49,.3568985,73297,60220,74579
New York,CHENANGO,.4260586,49,.4264225,65428,89300,64333
New York,CORTLAND,.4168618,49,.4191523,74152,60328,75100
New York,DUTCHESS,.3512891,49,.3636114,112299,99464,116158
New York,GENESEE,.4152689,49,.417106,72894,48916,74980
New York,HERKIMER,.4194444,49,.4187987,67532,57535,67849
New York,KINGS,.1306414,.1315504,.1277438,99472,79600,130217
New York,LIVINGSTON,.4163446,49,.4175458,75881,90009,75286
New York,NASSAU,.310053,.273222,.3329742,157774,140572,166719
New York,NIAGARA,.3975071,49,.4060914,73374,54713,75931
New York,ONONDAGA,.3869574,.257384,.4276572,83860,53520,90574
New York,ONTARIO,.4061674,49,.4077037,92560,56192,95539
New York,OSWEGO,.440248,49,.4408267,74434,51865,75236
New York,OTSEGO,.384838,49,.3862711,70405,96536,69150
New York,QUEENS,.1589577,.1551305,.2214303,96631,91020,108542
New York,RENSSELAER,.3853477,49,.3860707,85141,58523,89153
New York,ROCKLAND,.2875863,.318239,.2909757,133396,121312,139388
New York,SARATOGA,.3969161,49,.3969161,105941,117692,104996
New York,SCHENECTADY,.342246,.2362869,.3576944,85444,55934,94326
New York,SCHOHARIE,.3744635,49,.3744635,72509,61688,72956
New York,SCHUYLER,.3888889,49,.3897996,65240,93236,64683
New York,STEUBEN,.3174382,49,.3175488,70353,88687,69403
New York,TOMPKINS,.2664756,49,.26787,92501,69427,98258
New York,ULSTER,.340589,49,.3394104,87755,77325,89722
New York,WESTCHESTER,.2808542,.2514221,.2997824,160616,111214,196099
New York,YATES,.3198128,49,.3192488,74877,43977,75819
North Carolina,ALAMANCE,.3277085,49,.3341671,71555,54204,79529
North Carolina,ALEXANDER,.3196172,49,.3196172,68416,46919,70258
North Carolina,ANSON,.3011364,.2950108,.3211679,52077,40953,64531
North Carolina,ASHE,.285533,49,.2860792,55125,46389,55396
North Carolina,AVERY,.3136364,49,.314554,56935,35389,57804
North Carolina,BERTIE,.3409462,.3541667,49,55018,41986,76844
North Carolina,BLADEN,.3347686,.3636364,.3343949,55229,40335,65923
North Carolina,BUNCOMBE,.2881435,49,.2896201,77162,50715,80940
North Carolina,CABARRUS,.3344487,.36,.3349364,94073,79979,99884
North Carolina,CAMDEN,.4,49,.3972603,74108,66534,75765
North Carolina,CARTERET,.309634,49,.309634,81705,78863,82000
North Carolina,CASWELL,.315534,49,.309973,58897,45769,66141
North Carolina,CATAWBA,.315902,49,.3176471,72498,58403,75451
North Carolina,CHATHAM,.2776425,49,.2836695,99098,58505,112537
North Carolina,CHOWAN,.3356164,49,.4358974,57515,42419,66662
North Carolina,COLUMBUS,.2998138,.4,.2769231,55616,44645,61445
North Carolina,CRAVEN,.3593943,49,.3577922,71562,53507,80149
North Carolina,CURRITUCK,.3763676,49,.3763676,81134,76753,81688
North Carolina,DARE,.2942446,49,.2942446,80094,60167,81898
North Carolina,DAVIE,.2934621,49,.2934621,78412,57923,81211
North Carolina,DUPLIN,.2956731,.2922756,.3098202,52929,39224,62257
North Carolina,DURHAM,.2784651,.2888431,.2876428,86730,67612,106214
North Carolina,EDGECOMBE,.3070866,.311828,.2236842,50394,43271,61814
North Carolina,FORSYTH,.2899823,.2563667,.3067194,74136,50208,89722
North Carolina,GASTON,.3112894,49,.3186004,73164,57536,78289
North Carolina,GATES,.4054054,49,.3917526,63905,52682,70286
North Carolina,GRAHAM,.3321033,49,.3321033,47796,50855,47416
North Carolina,GRANVILLE,.3588517,49,.3806078,71297,52575,83302
North Carolina,GUILFORD,.2880611,.2795509,.2951093,78134,59769,94039
North Carolina,HARNETT,.379176,49,.385052,64066,52070,70563
North Carolina,HERTFORD,.3355372,.3298969,49,50420,45805,58155
North Carolina,HOKE,.4252717,.3478261,49,58873,51468,68219
North Carolina,IREDELL,.3172016,49,.3182362,90976,71889,96222
North Carolina,LENOIR,.3224886,.2682446,.375,56708,44487,67511
North Carolina,NASH,.3453905,.3403141,.3507463,67195,64818,69362
North Carolina,ONSLOW,.4032531,49,.3976073,67207,70209,65955
North Carolina,PAMLICO,.3299233,49,.3238994,67503,62264,68934
North Carolina,PASQUOTANK,.3643411,49,49,62857,51705,70550
North Carolina,PENDER,.371517,49,.372549,76780,52611,83400
North Carolina,PERQUIMANS,.356044,49,.3534676,62649,40768,70281
North Carolina,PERSON,.3110926,49,.348659,64737,50621,71262
North Carolina,PITT,.3326916,.309301,.3231421,72458,53565,86087
North Carolina,ROBESON,.3149733,.3230107,49,48129,43215,60522
North Carolina,ROWAN,.3131633,49,.3214507,65593,50004,70216
North Carolina,SAMPSON,.3133858,.2954545,.3385518,58515,44488,68170
North Carolina,SCOTLAND,.2841141,.3,49,48707,39158,59287
North Carolina,STANLY,.3328283,49,.3323045,66853,56704,68587
North Carolina,STOKES,.3131462,49,.3131462,60769,44273,62094
North Carolina,SWAIN,.3436533,49,.3321429,56555,57895,55910
North Carolina,TRANSYLVANIA,.278392,49,.278392,67138,53900,68142
North Carolina,TYRRELL,.3097345,49,49,47736,33143,58509
North Carolina,VANCE,.2786636,.2423698,49,56810,49637,66432
North Carolina,WAKE,.3025379,.3085672,.3099381,111123,87898,123838
North Carolina,WATAUGA,.2877493,49,.2888889,67569,50686,68451
North Carolina,WILKES,.2971292,49,.2971292,59466,67962,58517
North Carolina,YADKIN,.28474,49,.28474,59932,50215,61002
North Carolina,YANCEY,.2958801,49,.2977099,56153,39655,56918
North Dakota,BARNES,.2997347,49,.2997347,77131,54188,79010
North Dakota,BENSON,.2742857,.2666667,.282353,65093,39905,84384
North Dakota,BILLINGS,49,49,49,98764,49,98764
North Dakota,BOTTINEAU,.3645833,.474359,.3238095,80014,51480,81488
North Dakota,BOWMAN,.2946429,49,.2946429,80877,109734,79440
North Dakota,BURKE,.1969697,49,.1969697,93941,75428,94932
North Dakota,BURLEIGH,.3397762,49,.3410107,96490,66047,99200
North Dakota,CAVALIER,.2713178,49,.2713178,96680,69378,97111
North Dakota,DICKEY,.3333333,49,.3333333,79432,100202,77906
North Dakota,DIVIDE,.2794118,49,.2794118,88558,150523,85300
North Dakota,EDDY,.2967033,49,.2967033,77286,42013,81611
North Dakota,EMMONS,.2043011,49,.2043011,71032,69519,71135
North Dakota,FOSTER,.3846154,49,.3846154,78318,63996,78883
North Dakota,GOLDEN,.358209,49,.358209,71808,48036,73665
North Dakota,GRIGGS,.3561644,49,.3561644,75426,40166,77017
North Dakota,HETTINGER,49,49,49,79987,58843,80595
North Dakota,KIDDER,.3866667,49,.3866667,71731,85755,70814
North Dakota,LAMOURE,.3111111,49,.3111111,84603,56324,85733
North Dakota,MCHENRY,.3202247,49,.3202247,85434,48307,86479
North Dakota,MCKENZIE,.3776435,49,.4041812,105700,62234,113591
North Dakota,MCLEAN,.2990654,49,.2939297,81392,76523,81932
North Dakota,MORTON,.3731061,49,.3731061,92356,71073,94522
North Dakota,MOUNTRAIL,.3592815,.3675214,.36875,100606,80885,107454
North Dakota,OLIVER,49,49,49,88881,27035,90339
North Dakota,PEMBINA,.3415638,49,.3416667,81041,51690,83163
North Dakota,RAMSEY,.3431085,49,.3432836,78592,41038,83669
North Dakota,RANSOM,.3350254,49,.3350254,77166,45112,79408
North Dakota,RENVILLE,.3595506,49,.3595506,85076,46237,86694
North Dakota,ROLETTE,.3744292,.3770492,49,61600,56961,75947
North Dakota,SARGENT,.3219178,49,.3219178,78848,61833,80413
North Dakota,SIOUX,.368421,.3561644,49,53928,46972,86238
North Dakota,SLOPE,49,49,49,76096,125400,74374
North Dakota,STEELE,49,49,49,86840,90019,86730
North Dakota,STUTSMAN,.3500761,49,.3500761,73895,59541,74906
North Dakota,TOWNER,.2869565,49,.3043478,77897,56718,80035
North Dakota,TRAILL,.3629032,49,.3629032,78234,68695,78705
North Dakota,WALSH,.3040936,49,.3040936,76693,57032,79093
North Dakota,WELLS,.2229299,49,.2229299,73761,19986,74547
Ohio,ALLEN,.3415716,49,.3422392,67471,52232,70738
Ohio,ASHTABULA,.2937042,49,.2953207,65566,36751,68066
Ohio,ATHENS,.2860492,49,.2863022,62186,65363,61972
Ohio,AUGLAIZE,.3473132,49,.3473132,76552,50974,77537
Ohio,BELMONT,.3420801,49,.3433908,67033,72779,66820
Ohio,CHAMPAIGN,.3607908,49,.3603306,69841,45513,70966
Ohio,CLERMONT,.3441098,49,.3441606,92601,88994,92803
Ohio,COLUMBIANA,.3302395,49,.3301349,63169,63864,63142
Ohio,COSHOCTON,.2733625,49,.2733625,58516,54878,58640
Ohio,CUYAHOGA,.3157554,.3011691,.3340717,75382,51142,90740
Ohio,DARKE,.310138,49,.310138,68845,44759,69418
Ohio,DEFIANCE,.3403185,49,.3403538,73694,70551,74070
Ohio,GALLIA,.3066516,49,.3073446,60507,52548,60892
Ohio,GEAUGA,.3310457,49,.3311518,104403,116036,104147
Ohio,GUERNSEY,.2888707,49,.2888707,58828,36851,59627
Ohio,HOCKING,.3624079,49,.3628536,63701,46658,64038
Ohio,HOLMES,.2335558,49,.2341651,79857,69953,79998
Ohio,HURON,.3855483,49,.3857432,65653,54900,66544
Ohio,LICKING,.3517241,49,.3514889,88327,75504,89487
Ohio,LORAIN,.3427562,49,.3509604,77894,44685,85979
Ohio,LUCAS,.3234489,.2574258,.3376696,70287,48662,79059
Ohio,MAHONING,.3431921,.2421053,.3680804,63363,43923,67980
Ohio,MIAMI,.316404,49,.316404,80018,52772,81460
Ohio,MUSKINGUM,.2866981,49,.2890026,65255,51763,66538
Ohio,PAULDING,.3590192,49,.3590192,69620,54204,70387
Ohio,PICKAWAY,.3592233,49,.3591065,77039,71401,77183
Ohio,PREBLE,.3165635,49,.3165635,71405,55835,71893
Ohio,ROSS,.3084577,49,.308737,70298,45662,71412
Ohio,SANDUSKY,.3757256,49,.3757256,66143,51779,67962
Ohio,SCIOTO,.2977552,49,.2975382,60213,51740,60698
Ohio,SENECA,.3411563,49,.3411563,67625,54705,68647
Ohio,STARK,.3260421,.2384615,.3321629,71726,52538,74592
Ohio,TRUMBULL,.3590686,49,.3660714,63876,44096,66304
Ohio,TUSCARAWAS,.3223196,49,.3223196,66584,59984,66868
Ohio,VINTON,.372549,49,.372549,54406,59521,54309
Ohio,WILLIAMS,.3538595,49,.3538595,64821,54235,65318
Ohio,WYANDOT,.3310992,49,.3310992,68514,51937,69040
Oklahoma,ADAIR,.3387574,.3504464,49,46729,45996,47520
Oklahoma,ALFALFA,.3053435,49,.3053435,81944,72404,82557
Oklahoma,ATOKA,.3301663,49,.3341837,54846,45176,57435
Oklahoma,BECKHAM,.3369906,49,.3449419,68503,61833,69706
Oklahoma,BLAINE,.2956204,49,.2848837,65633,50997,68759
Oklahoma,BRYAN,.3141737,49,.3191633,61932,55004,64187
Oklahoma,CADDO,.2891247,.2875,.3062201,61438,52722,65360
Oklahoma,CANADIAN,.3909922,49,.3947251,86545,68206,90514
Oklahoma,CHOCTAW,.3098291,49,.3508772,50312,46435,52369
Oklahoma,CIMARRON,.16,49,.16,64782,67701,64194
Oklahoma,CLEVELAND,.3383983,49,.3401166,83314,70833,87080
Oklahoma,COAL,.3006536,49,.3006536,59996,53779,62294
Oklahoma,COTTON,.3548387,49,.3548387,61070,44809,64761
Oklahoma,CREEK,.3115646,49,.3116883,71024,72170,70741
Oklahoma,GARVIN,.3489583,49,.3489583,63489,60351,64187
Oklahoma,GRADY,.3532684,49,.3524823,79857,68893,81526
Oklahoma,GREER,.3708609,49,.3708609,51609,32609,55364
Oklahoma,HARMON,.2236842,49,49,65261,49663,73609
Oklahoma,HARPER,.3214286,49,.3214286,60655,49166,63023
Oklahoma,JOHNSTON,.3010381,49,.3010381,53245,55626,52521
Oklahoma,KAY,.2914952,49,.2918396,63840,54750,65932
Oklahoma,KINGFISHER,.3747573,49,.3811475,85007,56563,90378
Oklahoma,KIOWA,.2733813,49,.2733813,52399,33347,57011
Oklahoma,LATIMER,.3038462,49,.2901786,61059,48670,66567
Oklahoma,LE,.3217855,49,.3220797,54669,51829,55536
Oklahoma,LOVE,.4065574,49,.4065574,61351,66687,59762
Oklahoma,MCCLAIN,.3900388,49,.3908795,86131,72880,88638
Oklahoma,MCCURTAIN,.3346007,49,.3497268,52076,45775,55152
Oklahoma,MCINTOSH,.2737589,49,.2719298,53601,54440,53308
Oklahoma,MAJOR,.3392857,49,.3392857,70907,57379,72478
Oklahoma,MAYES,.3494176,49,.3398393,62056,59639,62958
Oklahoma,MURRAY,.3905882,49,.3905882,66516,61146,67984
Oklahoma,MUSKOGEE,.3162074,49,.3189066,64738,66971,63250
Oklahoma,NOBLE,.3409091,49,.3344052,70442,51308,73268
Oklahoma,NOWATA,.3151515,49,.3,54856,48542,57489
Oklahoma,OKFUSKEE,.3433735,49,.3277592,51384,45191,54644
Oklahoma,OKLAHOMA,.2930841,.2218238,.3363809,83009,59176,97595
Oklahoma,OKMULGEE,.2491667,49,.2682927,59397,55712,61144
Oklahoma,OSAGE,.3222958,49,.3253275,64349,57312,67689
Oklahoma,OTTAWA,.2954071,49,.2965739,53337,49312,54915
Oklahoma,PAWNEE,.3285124,49,.3271222,61953,57773,62952
Oklahoma,PAYNE,.2772768,49,.2791017,57813,34647,64062
Oklahoma,PITTSBURG,.3195635,49,.3168558,62746,55099,65250
Oklahoma,PONTOTOC,.3593109,49,.3665814,67130,54609,72332
Oklahoma,POTTAWATOMIE,.3409581,49,.3441331,69393,49061,74227
Oklahoma,PUSHMATAHA,.3120805,49,.3129252,54865,51922,55809
Oklahoma,ROGER,.2173913,49,.2125,79732,51831,82616
Oklahoma,ROGERS,.3378145,49,.340804,83199,71622,86615
Oklahoma,SEMINOLE,.3621934,49,.3516484,52767,50929,53465
Oklahoma,SEQUOYAH,.3115657,49,.315168,52371,52809,52178
Oklahoma,TEXAS,.2961083,.2727273,.3435898,60808,55848,64571
Oklahoma,TILLMAN,.3366834,49,49,56552,44760,62063
Oklahoma,TULSA,.2849582,.2058307,.3075111,84293,63286,94642
Oklahoma,WAGONER,.3705482,49,.3713462,83348,79407,84605
Oklahoma,WASHITA,.2550336,49,.2534246,65675,47996,67877
Oklahoma,WOODS,.3253968,49,.3253968,68430,53300,69875
Oklahoma,WOODWARD,.2996689,49,.3064516,77153,56968,79901
Oregon,BAKER,.2807018,49,.2807018,63855,69644,63514
Oregon,CLACKAMAS,.2748895,49,.2753401,106184,107970,105903
Oregon,CLATSOP,.2998501,49,.2998501,69890,61829,70696
Oregon,COOS,.2847318,49,.285124,62178,53409,63235
Oregon,CURRY,.2377702,49,.2366589,62649,58829,63178
Oregon,DESCHUTES,.3017294,49,.3105023,91480,64907,93954
Oregon,GILLIAM,.3103448,49,.3103448,57569,50435,58166
Oregon,HARNEY,.2791667,49,.2715517,59279,38099,61390
Oregon,JOSEPHINE,.2837884,49,.2857635,63233,51816,64499
Oregon,KLAMATH,.3324664,49,.3314235,68806,57759,71232
Oregon,LANE,.2615308,49,.2620022,77180,70123,78339
Oregon,LINN,.2976893,49,.2975309,74582,71088,75057
Oregon,MALHEUR,.3228438,49,.3451777,56286,49902,59165
Oregon,MORROW,.3581267,49,.3451327,67972,60464,71483
Oregon,MULTNOMAH,.2201735,49,.2196157,99033,78922,105844
Oregon,TILLAMOOK,.2797753,49,.2777778,64604,54205,65649
Oregon,UMATILLA,.3590544,49,.3677898,75934,72608,77181
Oregon,WALLOWA,.2731093,49,.2731093,66631,57923,67085
Oregon,WASCO,.2933333,49,.2933333,68193,70074,67809
Oregon,YAMHILL,.3016688,49,.2964092,84219,78234,85452
Pennsylvania,ALLEGHENY,.3434123,.2520548,.3480793,91448,66769,97264
Pennsylvania,BERKS,.3235632,.2118681,.3475762,84720,61882,91359
Pennsylvania,BLAIR,.3508493,49,.352,69143,57182,69749
Pennsylvania,BRADFORD,.3695128,49,.3699226,68533,52058,69060
Pennsylvania,BUCKS,.3344783,49,.335168,120851,115031,121760
Pennsylvania,BUTLER,.39063,49,.3911917,95378,88692,95688
Pennsylvania,CAMBRIA,.3740157,49,.3741025,63805,30695,65702
Pennsylvania,CENTRE,.2899637,49,.2909976,82780,65091,84969
Pennsylvania,CLARION,.3904282,49,.3896435,60001,65630,59885
Pennsylvania,CLEARFIELD,.4115385,49,.4107759,57924,108698,56562
Pennsylvania,CLINTON,.3577386,49,.3580705,64851,61348,64951
Pennsylvania,DAUPHIN,.3377983,.2282958,.3598632,80460,61063,88316
Pennsylvania,DELAWARE,.3156377,.2605564,.3316066,110612,79709,123723
Pennsylvania,ELK,.417495,49,.4165834,65911,40613,66540
Pennsylvania,ERIE,.3539149,49,.3629601,68095,41557,72021
Pennsylvania,FULTON,.3358349,49,.3358349,64334,48725,64793
Pennsylvania,HUNTINGDON,.3731976,49,.3732993,64102,58219,64315
Pennsylvania,INDIANA,.3591407,49,.3596099,69974,85778,69177
Pennsylvania,JUNIATA,.3105802,49,.3111111,67641,52712,68172
Pennsylvania,LACKAWANNA,.3546856,49,.3555589,73211,59753,74981
Pennsylvania,LEBANON,.3469341,49,.3466545,75913,59611,79188
Pennsylvania,LEHIGH,.3209498,.2622582,.3350288,86780,59123,99233
Pennsylvania,LUZERNE,.3379337,49,.3471362,68764,56123,70752
Pennsylvania,LYCOMING,.311967,49,.312779,71332,81385,70676
Pennsylvania,MCKEAN,.3879518,49,.3839733,64783,102464,64055
Pennsylvania,MIFFLIN,.3387097,49,.3394062,62711,50781,62989
Pennsylvania,MONTOUR,.3250415,49,.3250415,82546,115199,79823
Pennsylvania,PHILADELPHIA,.2331593,.2170405,.2655455,72748,54929,100322
Pennsylvania,PIKE,.3665298,49,.3595297,84629,83115,84907
Pennsylvania,SCHUYLKILL,.3622242,49,.3622242,68557,89369,67831
Pennsylvania,SNYDER,.3149171,49,.3140727,72603,135016,71214
Pennsylvania,SOMERSET,.4084939,49,.4077329,62567,78427,62381
Pennsylvania,SUSQUEHANNA,.373354,49,.373354,73572,77190,73471
Pennsylvania,TIOGA,.3607979,49,.3607979,63500,52416,63808
Pennsylvania,VENANGO,.3929693,49,.3929693,63012,57615,63155
Rhode Island,PROVIDENCE,.2855347,.2360515,.3104273,80824,63562,88949
South Carolina,ABBEVILLE,.214653,49,.2151163,53822,37805,61259
South Carolina,AIKEN,.3067181,49,.3090074,70238,54275,77535
South Carolina,ALLENDALE,.1895161,.1882845,49,43514,36688,65836
South Carolina,BAMBERG,.2216749,.2195122,.2465753,47242,36754,64366
South Carolina,BARNWELL,.3139013,49,49,48824,36542,59920
South Carolina,BEAUFORT,.3239659,.3310811,.3188111,109158,58723,124379
South Carolina,CHARLESTON,.2940791,.266,.3061731,104326,65157,121457
South Carolina,CLARENDON,.2933598,49,.2962963,57912,41390,73442
South Carolina,COLLETON,.3194103,.3246753,.3254902,51644,36217,62121
South Carolina,DARLINGTON,.2363388,.2282609,.2100313,62715,40230,81201
South Carolina,DILLON,.2573443,.2336066,.3837209,45654,36086,54848
South Carolina,DORCHESTER,.3596807,49,.3746297,82692,72976,87366
South Carolina,EDGEFIELD,.2891326,49,.3200935,70129,49429,83439
South Carolina,FAIRFIELD,.294854,.2765957,49,55357,45965,68740
South Carolina,GEORGETOWN,.2986326,49,.3131991,73686,42370,88218
South Carolina,GREENVILLE,.2665907,49,.277992,89338,63370,98973
South Carolina,GREENWOOD,.2213875,49,.2554744,60025,47630,68344
South Carolina,HORRY,.3003272,49,.3013937,70581,49324,74852
South Carolina,KERSHAW,.3252448,49,.3472041,70638,49357,80618
South Carolina,LAURENS,.2588506,49,.2588506,67205,62430,69345
South Carolina,MCCORMICK,.2857143,49,49,59965,51536,66327
South Carolina,MARLBORO,.2620192,.2595156,.2352941,45340,38311,54418
South Carolina,NEWBERRY,.2684411,49,.2816902,61507,42431,72508
South Carolina,OCONEE,.2781557,49,.2800926,74520,56280,76820
South Carolina,ORANGEBURG,.2790352,.2774095,.3107345,52664,42815,69706
South Carolina,PICKENS,.2687609,49,.2712982,66080,47986,68370
South Carolina,SALUDA,.2536383,49,.2482759,60021,42727,68768
South Carolina,SPARTANBURG,.2934897,.2070896,.3131077,71932,53727,79271
South Carolina,SUMTER,.2934656,.318612,.4722222,61173,48586,75441
South Dakota,AURORA,.2926829,49,.2926829,88305,66189,90850
South Dakota,BEADLE,.3339131,49,.3339131,66624,48003,69471
South Dakota,BENNETT,.48,49,49,58638,45932,69257
South Dakota,BON,.3282828,49,.3282828,65314,76640,64897
South Dakota,BROOKINGS,.2800441,49,.2815965,72925,50003,74657
South Dakota,BRULE,.3313253,49,.3313253,79750,92055,78027
South Dakota,BUTTE,.3701299,49,.3701299,64689,29562,67573
South Dakota,CODINGTON,.2957746,49,.2957746,69425,74650,69140
South Dakota,CORSON,.1898734,.2105263,49,55322,35775,85474
South Dakota,CUSTER,.293578,49,.293578,73793,61838,74589
South Dakota,DAVISON,.3085271,49,.3085271,72594,64972,73197
South Dakota,DAY,.2751323,49,.26,66831,41104,70059
South Dakota,DEUEL,.2790698,49,.2790698,73019,62236,73240
South Dakota,DEWEY,.3076923,.2702703,49,58826,46862,86928
South Dakota,EDMUNDS,.2589286,49,.2589286,85855,42212,86341
South Dakota,FALL,.2847682,49,.2847682,60879,47084,62345
South Dakota,FAULK,.4237288,49,.4237288,65775,49,65775
South Dakota,GREGORY,.2411347,49,.2411347,60278,35611,62628
South Dakota,HAAKON,.2804878,49,.2804878,60639,61752,60602
South Dakota,HAMLIN,.2890173,49,.2890173,78183,61993,79461
South Dakota,HAND,.2649573,49,.2649573,71101,41361,72376
South Dakota,HANSON,.3220339,49,.3220339,73755,76844,73728
South Dakota,HARDING,49,49,49,77628,49,77628
South Dakota,HUGHES,.3058824,49,.3006012,77468,38026,82419
South Dakota,HYDE,49,49,49,73326,59048,75131
South Dakota,JERAULD,49,49,49,92714,49997,94302
South Dakota,KINGSBURY,.3313954,49,.3313954,76846,62408,77163
South Dakota,LYMAN,.3944954,49,.3717949,62520,43541,71538
South Dakota,MCCOOK,.2530864,49,.2530864,73235,39751,75600
South Dakota,MCPHERSON,.2142857,49,.2142857,63173,62107,63217
South Dakota,MEADE,.3755869,49,.3739645,70606,55862,72194
South Dakota,MELLETTE,49,49,49,42062,21653,60530
South Dakota,MINER,.3648649,49,.3648649,64813,35656,65313
South Dakota,MINNEHAHA,.3356067,49,.3393437,81628,65450,83902
South Dakota,MOODY,.3333333,49,.3333333,80039,70138,82217
South Dakota,OGLALA,.248731,.248731,49,45707,44580,69186
South Dakota,PENNINGTON,.3282683,49,.3301435,77493,58922,80735
South Dakota,PERKINS,.2083333,49,.2083333,75636,92136,75009
South Dakota,SANBORN,.4473684,49,.4473684,78357,59247,79063
South Dakota,SPINK,.3915094,49,.3915094,84615,46655,85839
South Dakota,STANLEY,.377551,49,.377551,97659,75861,100563
South Dakota,SULLY,49,49,49,91160,43375,92189
South Dakota,TODD,.2777778,.2777778,49,37044,32073,65377
South Dakota,TRIPP,.36,49,.3668639,64130,29245,68931
South Dakota,TURNER,.3068592,49,.3068592,72813,60490,73076
South Dakota,YANKTON,.3347398,49,.3347398,75604,43819,78133
South Dakota,ZIEBACH,49,49,49,52721,42990,73559
Tennessee,BLEDSOE,.2578313,49,.2578313,59740,42280,60581
Tennessee,BLOUNT,.3283683,49,.3293127,75208,63121,76037
Tennessee,BRADLEY,.3005303,49,.3037327,66632,50759,69003
Tennessee,CANNON,.3017241,49,.3017241,65733,49711,66565
Tennessee,CARTER,.2960348,49,.2995595,52993,43703,53403
Tennessee,CHEATHAM,.3356918,49,.3356918,72891,53565,74064
Tennessee,CHESTER,.3031496,49,.3037475,61924,42155,65242
Tennessee,CLAIBORNE,.3116279,49,.3122568,50667,28785,51488
Tennessee,COCKE,.2745253,49,.2753859,49875,66596,49059
Tennessee,COFFEE,.2772973,49,.2791209,66968,57324,67995
Tennessee,DAVIDSON,.2469489,.2293922,.2477074,92592,67351,108301
Tennessee,DECATUR,.2521246,49,.2521246,58074,42398,59194
Tennessee,DEKALB,.2613293,49,.2613293,62873,46588,64440
Tennessee,DICKSON,.3081834,49,.3091759,70198,54327,71322
Tennessee,DYER,.2969858,49,.3,67860,55202,70424
Tennessee,FENTRESS,.2326284,49,.2326284,47004,33198,47405
Tennessee,GIBSON,.2969283,49,.2963473,57623,38439,62947
Tennessee,GRAINGER,.3425034,49,.3425034,58672,39208,59487
Tennessee,GRUNDY,.270202,49,.270202,54364,42808,56295
Tennessee,HAMBLEN,.3178808,49,.3189655,58713,39054,62190
Tennessee,HAWKINS,.3328197,49,.3328197,57760,49611,58067
Tennessee,HAYWOOD,.2946768,.3010526,49,51685,43488,62234
Tennessee,HICKMAN,.2775564,49,.2780749,62313,43151,63423
Tennessee,HUMPHREYS,.2944162,49,.2944162,61050,40702,61913
Tennessee,LAKE,.245283,49,.245283,55768,48957,57706
Tennessee,LAUDERDALE,.2826667,49,.2714078,50842,40826,56628
Tennessee,LAWRENCE,.2406986,49,.2406986,56783,68740,56256
Tennessee,LOUDON,.3034934,49,.3034934,77210,69074,77819
Tennessee,MCMINN,.2812155,49,.2817216,58406,60232,58221
Tennessee,MCNAIRY,.2879708,49,.2879708,51976,39360,53102
Tennessee,MACON,.2609787,49,.2609787,57564,34115,59217
Tennessee,MAURY,.3048378,49,.3055632,80635,63333,84930
Tennessee,MEIGS,.2879747,49,.2879747,59132,74217,58338
Tennessee,OBION,.3043478,49,.3029967,54450,31594,58179
Tennessee,OVERTON,.2447844,49,.2447844,52813,44335,52932
Tennessee,PERRY,.2838428,49,.2838428,72210,37197,74184
Tennessee,PICKETT,.2547771,49,.2547771,54705,50057,54733
Tennessee,RHEA,.2782609,49,.2782609,57598,58702,57533
Tennessee,RUTHERFORD,.3187995,49,.320676,85374,71558,90258
Tennessee,SEQUATCHIE,.2440087,49,.2440087,58572,63256,58268
Tennessee,STEWART,.3733333,49,.3733333,58720,46896,59034
Tennessee,SULLIVAN,.3233544,49,.3243446,69377,72348,69207
Tennessee,SUMNER,.3249354,49,.3251782,94687,77392,97459
Tennessee,TIPTON,.3393713,49,.345098,78069,67246,81372
Tennessee,TROUSDALE,.3355705,49,.3355705,64745,49326,67207
Tennessee,UNICOI,.3290909,49,.3290909,52758,55056,52619
Tennessee,UNION,.340625,49,.340625,61863,82344,61091
Tennessee,WEAKLEY,.2559653,49,.2565217,54538,39251,56194
Tennessee,WHITE,.287596,49,.287596,55864,58292,55777
Texas,ANDERSON,.316955,49,.3337596,56912,42336,62837
Texas,ANDREWS,.3791304,49,49,92927,77759,109171
Texas,ANGELINA,.3572717,49,.3547094,63188,58041,66001
Texas,ARANSAS,.3207991,49,.3333333,75855,44758,86244
Texas,ARCHER,.3966667,49,.3966667,83749,49909,86414
Texas,ARMSTRONG,.3548387,49,.3548387,83298,64282,85263
Texas,ATASCOSA,.3902439,.3699095,49,72059,61765,87370
Texas,AUSTIN,.3377111,49,.3269598,78664,56868,87289
Texas,BAILEY,.3705584,.3692308,49,65794,47107,84924
Texas,BANDERA,.3508772,49,.3489011,73521,64390,75019
Texas,BASTROP,.3471734,.2948718,.3274854,78946,69376,84478
Texas,BAYLOR,.2962963,49,.2962963,52436,56867,51972
Texas,BEE,.3917241,.3897516,49,63623,57016,72977
Texas,BELL,.4011084,.4162005,.4012409,73912,61707,86394
Texas,BEXAR,.3494827,.3445885,.312459,79424,68646,99873
Texas,BLANCO,.3123487,49,.3123487,92547,64244,97921
Texas,BORDEN,49,49,49,88236,83815,88504
Texas,BOSQUE,.3207547,49,.3187023,67280,55487,69479
Texas,BOWIE,.3123939,49,.3385167,72703,44323,85271
Texas,BRAZORIA,.3617294,.3583505,.355515,105432,104178,106576
Texas,BRAZOS,.2986031,.3077572,.330871,76849,59699,88031
Texas,BREWSTER,.2983606,49,.202381,63082,53138,69690
Texas,BRISCOE,.245283,49,49,55863,42995,61981
Texas,BROOKS,.3103448,.3103448,49,41308,41602,37845
Texas,BURLESON,.374376,49,.3770492,75799,53940,86485
Texas,BURNET,.3395407,49,.3395407,81163,65645,84364
Texas,CALDWELL,.3675334,.3673913,49,73546,65093,81382
Texas,CALLAHAN,.3818182,49,.3833718,62737,55519,63526
Texas,CAMERON,.3028336,.3056274,.1532258,57625,54078,81912
Texas,CAMP,.3319239,49,49,60622,46990,67929
Texas,CARSON,.2793296,49,.2793296,89245,86173,89627
Texas,CASS,.339851,49,.3398876,57311,39131,62109
Texas,CASTRO,.3299492,.3703704,49,62964,59058,69316
Texas,CHAMBERS,.3838862,.2903226,.3982301,102629,81412,111280
Texas,CHEROKEE,.2539118,49,.2750491,62730,47539,69212
Texas,CHILDRESS,.2786885,49,49,61372,41422,69036
Texas,COCHRAN,.2826087,.2857143,49,58478,49048,70683
Texas,COKE,.2769231,49,.2769231,54420,51956,55008
Texas,COLEMAN,.297491,49,.297491,63690,51319,66357
Texas,COLLIN,.3276946,.278054,.3617095,122503,109542,130733
Texas,COLLINGSWORTH,.2413793,49,.2325581,62878,31391,80471
Texas,COLORADO,.345021,.3829787,.3501945,73305,64192,77850
Texas,COMAL,.4068498,49,.3969285,114102,104068,118388
Texas,COMANCHE,.2786517,49,.2788018,63959,59930,65248
Texas,CONCHO,.3658537,49,49,67689,43437,74285
Texas,COOKE,.3071896,49,.3103964,78698,54312,84015
Texas,CORYELL,.4134391,49,.3691655,68947,63138,71425
Texas,COTTLE,49,49,49,45301,26887,62361
Texas,CRANE,.3984962,.3984962,49,79907,71985,90200
Texas,CROCKETT,.4307692,.4307692,49,62573,48688,78769
Texas,CROSBY,.34,49,49,51516,41254,62554
Texas,CULBERSON,.4025974,.4109589,49,46561,39790,68665
Texas,DALLAM,.3,49,49,83942,74366,89734
Texas,DALLAS,.265275,.2623554,.2692754,91752,69502,130044
Texas,DAWSON,.3294798,.3229814,49,61585,45961,82740
Texas,DEAF,.3819444,.3810376,49,62666,57231,74680
Texas,DELTA,.4011299,49,.4011299,70369,45918,74840
Texas,DENTON,.3507829,.2968037,.3753981,119046,102344,128239
Texas,DEWITT,.2888199,49,.2614379,82821,54649,97869
Texas,DICKENS,49,49,49,59602,33567,69164
Texas,DIMMIT,.3470149,.3470149,49,50160,45086,76160
Texas,DONLEY,.4329897,49,.4315789,60597,51980,61975
Texas,DUVAL,.3532763,.3532763,49,49597,49304,51763
Texas,EASTLAND,.3328076,49,.3328076,61234,77046,59128
Texas,ECTOR,.3860644,.363501,.4656489,84688,73536,104719
Texas,EDWARDS,.3114754,49,49,59159,39924,73574
Texas,ELLIS,.3907121,.3043478,.4056144,95244,70708,108373
Texas,EL,.3458446,.3459788,49,62655,59004,84483
Texas,ERATH,.3408521,49,.3406224,74589,60512,77779
Texas,FANNIN,.3460111,49,.3463324,72914,46532,77003
Texas,FISHER,.3521127,49,.3880597,65512,50049,74511
Texas,FORT,.3129786,.3154478,.3628641,126968,116405,144059
Texas,FREESTONE,.3769633,49,.3602015,69203,54411,74745
Texas,FRIO,.3703704,.3703704,49,67332,57925,99325
Texas,GAINES,.3926606,.3866667,.3944563,79384,87784,74408
Texas,GALVESTON,.3451005,.3426871,.3733514,97586,78035,109574
Texas,GARZA,.3307692,.3387097,49,72314,49680,87233
Texas,GILLESPIE,.3256743,49,.3271222,82523,67098,85138
Texas,GLASSCOCK,49,49,49,105467,43483,137392
Texas,GOLIAD,.3688889,49,49,77169,50450,94662
Texas,GONZALES,.3583724,.3551402,.452381,76060,58797,93577
Texas,GRAY,.3030794,49,.3061564,66482,54946,70237
Texas,GREGG,.3214791,.2848485,.3395523,76229,57390,87095
Texas,GRIMES,.3603936,49,.3425287,77395,51325,89015
Texas,GUADALUPE,.4113012,49,.3909091,94096,83825,102420
Texas,HALE,.3310811,.3287514,49,60390,51637,72264
Texas,HALL,.3222222,49,49,53651,38894,61287
Texas,HAMILTON,.3379791,49,.3379791,70739,41098,74022
Texas,HANSFORD,.2774194,49,49,55316,41351,65867
Texas,HARDEMAN,.3165468,49,.3272727,55938,42478,60760
Texas,HARDIN,.3795694,49,.3795694,80698,69900,81956
Texas,HARRIS,.2798331,.259627,.2826445,92488,70469,133211
Texas,HARTLEY,.3894737,49,49,73016,61976,76880
Texas,HASKELL,.2316384,49,.24375,49230,37697,53127
Texas,HAYS,.3772671,.4321343,.3227041,95570,86133,101503
Texas,HEMPHILL,.4019608,49,.4019608,93374,57492,108562
Texas,HENDERSON,.3163882,49,.3126963,69813,50727,73840
Texas,HIDALGO,.3159063,.3147922,49,58371,56589,76041
Texas,HILL,.3209459,49,.3256379,69572,53825,74304
Texas,HOCKLEY,.3616734,49,.3466667,64011,50065,74744
Texas,HOOD,.357174,49,.3573298,89286,87738,89452
Texas,HOPKINS,.3225532,49,.3246528,70270,50157,75861
Texas,HOUSTON,.3323529,49,.3811659,51799,37806,58004
Texas,HOWARD,.3579154,49,.48,73064,52214,86547
Texas,HUDSPETH,.3367347,.3827161,49,46896,32635,75815
Texas,HUNT,.3484163,49,.3712121,70814,44294,78441
Texas,HUTCHINSON,.3539568,49,.3568282,66016,55582,68642
Texas,IRION,49,49,49,66890,53356,70386
Texas,JACK,.35,49,.35,67103,42438,70001
Texas,JASPER,.3310044,49,.3506686,64222,49461,67914
Texas,JEFF,.4415585,49,49,57275,50871,59503
Texas,JIM,.3710302,.3742437,.4262295,62079,58304,78860
Texas,JONES,.3714286,49,.3914373,67098,48125,73547
Texas,KARNES,.3167028,.3294461,.2820513,89471,60227,118606
Texas,KAUFMAN,.3991399,49,.4091669,90256,77927,95924
Texas,KENDALL,.3514229,49,.3510393,130088,98697,138235
Texas,KENEDY,49,49,49,39930,39750,41296
Texas,KENT,49,49,49,73663,35926,81311
Texas,KERR,.253362,49,.2589928,78994,57097,85842
Texas,KIMBLE,.2089552,49,.2105263,72565,49714,78325
Texas,KINNEY,.3061225,49,49,49365,50782,48331
Texas,KLEBERG,.356383,.3606557,49,59512,53002,77948
Texas,KNOX,.3765432,49,.4,60846,48991,67750
Texas,LAMAR,.3339254,49,.3353511,60777,41683,66210
Texas,LAMB,.3185185,.3169014,49,59521,48791,70405
Texas,LAMPASAS,.3553531,49,.3499407,75447,74532,75719
Texas,LAVACA,.299187,49,.2883064,79698,55706,86157
Texas,LEON,.3183926,49,.3188854,75277,60488,78865
Texas,LIBERTY,.346839,49,.3468883,68005,49008,76214
Texas,LIMESTONE,.3504611,49,.3593315,59351,46383,66102
Texas,LIPSCOMB,.3191489,49,.372549,76016,59922,82048
Texas,LIVE,.4305556,49,49,71127,52382,79154
Texas,LLANO,.2911227,49,.2900262,85015,78617,85616
Texas,LOVING,49,49,49,105773,17480,123432
Texas,LUBBOCK,.3382134,.2878873,.3782372,75106,56692,87385
Texas,LYNN,.3546798,49,49,65295,47669,78969
Texas,MCCULLOCH,.3104693,49,49,58812,53018,61476
Texas,MCLENNAN,.3470297,.2760618,.3810665,69956,57061,78208
Texas,MCMULLEN,49,49,49,92126,47192,124466
Texas,MARTIN,49,49,49,91265,66619,104886
Texas,MATAGORDA,.3368514,49,.283237,64806,50844,78861
Texas,MAVERICK,.3117409,.3319815,49,53367,52239,87846
Texas,MEDINA,.3830214,.3963134,.4342105,82279,72334,91092
Texas,MENARD,.2857143,49,49,51304,37979,59986
Texas,MIDLAND,.3727289,.3765079,.362862,107722,82007,131129
Texas,MILAM,.3614907,49,.3799622,65836,48810,73892
Texas,MILLS,.2645161,49,.2684564,66818,51628,69791
Texas,MITCHELL,.4061135,49,49,73526,56640,86347
Texas,MONTAGUE,.3314763,49,.3314763,68126,51056,70319
Texas,MOORE,.2740385,.2728873,49,67850,58196,80711
Texas,MORRIS,.3568548,49,.3838028,55192,40024,61998
Texas,MOTLEY,49,49,49,65925,54859,67805
Texas,NACOGDOCHES,.286385,49,.3293698,62423,48409,70544
Texas,NAVARRO,.3372851,49,.3361702,65225,51341,73143
Texas,NEWTON,.3602305,.2714286,.3826715,54004,37177,59337
Texas,NOLAN,.335391,49,49,64120,56987,68182
Texas,NUECES,.3486074,.3510132,.3527534,73358,67196,85485
Texas,OCHILTREE,.2841328,49,49,68093,56124,77712
Texas,OLDHAM,.3787879,49,.3787879,84947,61673,88517
Texas,PALO,.3174452,49,.3212181,66155,52760,69154
Texas,PANOLA,.3471295,49,.3477673,68305,54705,72048
Texas,PARKER,.3855209,49,.3858954,100470,96103,101072
Texas,PARMER,.3308271,.3366337,49,68099,56869,82325
Texas,PECOS,.35141,.3611111,49,68797,63209,82268
Texas,POTTER,.2752747,.255102,.2885135,53195,47853,58087
Texas,PRESIDIO,.2454545,.2454545,49,38032,31030,61311
Texas,RAINS,.3221154,49,.3221154,71527,51092,74063
Texas,RANDALL,.360036,.3529412,.361782,89410,83465,91022
Texas,REAGAN,.4174757,.4174757,49,79512,68319,97555
Texas,REAL,.2869565,49,.2869565,48276,38532,49728
Texas,RED,.3356164,49,.3574145,52213,32931,58915
Texas,REEVES,.3333333,.335,49,65457,57561,84690
Texas,REFUGIO,.3632287,.4036697,49,61935,57844,66029
Texas,ROBERTS,49,49,49,81712,64650,82299
Texas,ROBERTSON,.3377111,49,.3443983,67904,52997,77255
Texas,ROCKWALL,.3955923,49,.3960674,133824,106103,142797
Texas,RUNNELS,.3823529,49,.4104804,61133,52853,64473
Texas,SABINE,.3646409,49,.3646409,57482,39602,59923
Texas,SCHLEICHER,.368421,49,49,61890,54804,69830
Texas,SCURRY,.3248031,49,.4262295,69818,59277,77118
Texas,SHACKELFORD,.3482143,49,.3398058,60781,56238,61274
Texas,SHELBY,.3231132,49,.3057325,57887,37978,67161
Texas,SHERMAN,.4411765,49,49,82530,51169,98233
Texas,SMITH,.3161106,.2635036,.3416739,79183,63005,87843
Texas,SOMERVELL,.3540146,49,.3540146,79424,36396,86555
Texas,STARR,.3027108,.3025641,49,47269,47135,66208
Texas,STEPHENS,.3571429,49,.3571429,64763,54287,67123
Texas,STERLING,49,49,49,73677,76811,70571
Texas,STONEWALL,49,49,49,62955,33165,71306
Texas,SUTTON,.4107143,.4181818,49,66252,60102,74624
Texas,SWISHER,.3125,49,49,54469,40893,64740
Texas,TARRANT,.3139344,.2787899,.3315596,94469,75702,111435
Texas,TERRELL,49,49,49,53102,43765,63377
Texas,TERRY,.3645833,.3628319,49,62202,50359,73717
Texas,THROCKMORTON,49,49,49,61731,58010,62259
Texas,TITUS,.3537832,49,49,62814,51450,72852
Texas,TOM,.3554677,.3391039,.3747036,76496,64322,84844
Texas,TRAVIS,.2996854,.298409,.2792821,114226,82686,137698
Texas,TRINITY,.2910284,49,.2929516,58110,41572,61690
Texas,UPTON,.3728814,.3333333,49,65771,56403,77516
Texas,UVALDE,.3688431,.3719248,.3289474,56889,49480,71330
Texas,VAL,.3392857,.3493014,49,62498,54843,91636
Texas,VAN,.3426907,49,.3426907,74068,52203,77120
Texas,VICTORIA,.300346,.2764977,.3338816,77910,58979,95844
Texas,WALKER,.3333333,49,.3558282,61332,44000,70757
Texas,WALLER,.364699,.3494229,.3519313,81912,55841,105331
Texas,WARD,.3705584,.3778409,49,73249,62704,86854
Texas,WEBB,.2765673,.2775266,49,71396,62894,81314
Texas,WHARTON,.3215573,.2386364,.3865031,67704,54410,79209
Texas,WHEELER,.3278688,49,.3278688,65413,40945,74539
Texas,WICHITA,.331669,49,.3528252,66883,54610,71735
Texas,WILBARGER,.3772152,49,49,59547,51834,63207
Texas,WILLACY,.3206107,.3247525,49,47742,43293,76662
Texas,WILLIAMSON,.3742012,49,.3660732,109561,98955,115449
Texas,WILSON,.4193346,.4084507,.4250814,96088,84035,102664
Texas,WINKLER,.407563,.3942308,49,71503,63915,81348
Texas,YOAKUM,.3653846,.3653846,49,80243,74873,89170
Texas,YOUNG,.3146417,49,.3135726,67391,54849,69414
Texas,ZAPATA,.2682927,.2682927,49,60551,60332,63099
Texas,ZAVALA,.3147541,.3125,49,41014,40857,46127
Utah,BEAVER,.3776596,49,.3776596,66772,60120,67714
Utah,BOX,.3858173,49,.3858173,75069,61274,76690
Utah,CACHE,.3262451,49,.3260135,76347,59585,78658
Utah,DAGGETT,49,49,49,80329,49,80329
Utah,DAVIS,.3679992,49,.3687488,104887,77596,109123
Utah,DUCHESNE,.351735,49,.351735,72088,61261,73688
Utah,EMERY,.4078947,49,.4078947,63786,45828,64681
Utah,JUAB,.3411765,49,.3421829,73358,67818,73647
Utah,KANE,.2568093,49,.2568093,65456,67569,65318
Utah,MILLARD,.3539604,49,.3604061,75015,55717,77852
Utah,PIUTE,49,49,49,57805,28900,58702
Utah,RICH,.3098592,49,.3098592,77129,28815,79778
Utah,SALT,.3267879,.2656505,.3246633,101876,78949,109014
Utah,SANPETE,.3469388,49,.3447853,67713,53124,68659
Utah,SEVIER,.37,49,.37,66377,60191,66717
Utah,SUMMIT,.3230466,49,.3298898,156817,99499,163365
Utah,TOOELE,.4257065,49,.4291027,87638,66328,92102
Utah,UINTAH,.3576567,.3378378,.3620885,81018,86496,80178
Utah,UTAH,.3594247,49,.3583763,99329,73638,103921
Utah,WASATCH,.3343109,49,.3343109,110577,72673,115788
Utah,WEBER,.3789833,49,.3799898,87362,77200,89711
Vermont,ADDISON,.3795435,49,.3777589,84865,82496,84970
Vermont,BENNINGTON,.3825944,49,.3816983,80354,69881,80814
Vermont,CALEDONIA,.4428152,49,.4471545,69923,51209,70758
Vermont,CHITTENDEN,.3506079,49,.3527155,98519,70376,101392
Vermont,GRAND,.4182509,49,.4182509,92902,88628,93181
Vermont,LAMOILLE,.4578588,49,.4553776,86436,68886,87087
Vermont,ORLEANS,.4095745,49,.4102564,62234,48960,62935
Vermont,RUTLAND,.4272461,49,.4282888,71158,73594,71088
Vermont,WINDHAM,.3375,49,.3378654,71700,51085,72757
Vermont,WINDSOR,.3996034,49,.3996865,80880,79593,80928
Virginia,ACCOMACK,.2738408,.2742616,.2801664,63100,49308,69458
Virginia,ALBEMARLE,.2463726,49,.2455143,120456,108244,123010
Virginia,ALLEGHANY,.2418773,49,.2418773,62034,41048,63658
Virginia,AMELIA,.3708087,49,.3957346,79721,59524,87194
Virginia,AMHERST,.3175258,49,.3181818,66613,52249,70858
Virginia,APPOMATTOX,.3233083,49,.3282443,71750,48818,76957
Virginia,ARLINGTON,.2001288,.2274705,.1964898,158886,113605,183220
Virginia,AUGUSTA,.3267163,49,.3259856,75789,56498,77098
Virginia,BATH,.2985075,49,.2985075,61939,32249,63464
Virginia,BEDFORD,.2949695,49,.2953071,89999,91832,89855
Virginia,BLAND,.431694,49,.431694,61815,23513,62306
Virginia,BOTETOURT,.3163265,49,.3163265,88162,114878,86725
Virginia,BRUNSWICK,.3163482,.3333333,.1764706,54587,40888,69583
Virginia,BUCHANAN,.3174342,49,.3202726,45295,40942,45416
Virginia,BUCKINGHAM,.2921348,49,.2741936,56906,46535,62249
Virginia,CAROLINE,.3703704,49,.3856975,82521,79305,84095
Virginia,CARROLL,.3050279,49,.3050279,58974,50572,59179
Virginia,CHARLES,.3095238,49,49,83035,74649,93260
Virginia,CHARLOTTE,.3118503,49,.2820513,54952,41863,60607
Virginia,CHESTERFIELD,.3307799,.3154122,.3256566,101694,85985,109889
Virginia,CLARKE,.3417476,49,.3451677,105454,66973,109898
Virginia,CRAIG,.3262411,49,.3309352,65971,96014,65879
Virginia,CULPEPER,.3716923,49,.3718188,93110,76439,97937
Virginia,CUMBERLAND,.2640949,49,.2574032,59889,45473,67487
Virginia,DICKENSON,.3963554,49,.3963554,57700,44035,57780
Virginia,DINWIDDIE,.3505402,.3169399,.3769401,75608,63836,82436
Virginia,ESSEX,.2893519,49,.3382353,62500,48367,72668
Virginia,FAUQUIER,.3396773,49,.344416,132099,74292,143299
Virginia,FLOYD,.299569,49,.299569,62691,41637,64077
Virginia,FLUVANNA,.3295455,49,.3270525,101489,77149,105718
Virginia,FREDERICK,.3708609,49,.3709902,97434,84304,99078
Virginia,GILES,.3202358,49,.3208661,63802,58719,63988
Virginia,GLOUCESTER,.365493,49,.3737075,83482,77745,84402
Virginia,GOOCHLAND,.3015464,49,.3005181,134904,78952,147540
Virginia,GRAYSON,.3006682,49,.3006682,50190,29431,51322
Virginia,GREENE,.3256956,49,.3251232,82593,72421,84310
Virginia,GREENSVILLE,.3317972,.3353294,49,57215,51118,63838
Virginia,HALIFAX,.2753346,49,.28223,56329,42783,64535
Virginia,HANOVER,.3226265,49,.3226265,110344,82479,114865
Virginia,HENRICO,.2904673,.3392619,.2718627,98334,77340,113818
Virginia,HENRY,.2987402,49,.2963295,50970,48112,52106
Virginia,HIGHLAND,.2380952,49,.2380952,63998,45800,64151
Virginia,ISLE,.3549161,49,.3571429,91535,66530,101199
Virginia,JAMES,.3294118,49,.3300267,110625,87233,116686
Virginia,LANCASTER,.2563452,49,.2633229,83097,50029,97142
Virginia,LEE,.3116057,49,.3094099,48605,180819,47188
Virginia,LOUDOUN,.3084212,.2816124,.3227886,176974,157904,188927
Virginia,LOUISA,.3330565,49,.3333333,84207,61927,89761
Virginia,LUNENBURG,.3529412,49,.4366197,53065,41711,60486
Virginia,MADISON,.32,49,.3130699,78197,60309,80854
Virginia,MATHEWS,.3276596,49,.3171806,81363,42763,88477
Virginia,MECKLENBURG,.2865792,49,.3070866,59946,45245,67568
Virginia,MIDDLESEX,.3152866,49,.3151125,70255,58860,73117
Virginia,MONTGOMERY,.2480469,49,.2494033,77645,63123,79693
Virginia,NELSON,.2804878,49,.2795275,82523,60681,87402
Virginia,NEW,.3878327,49,.3791469,101297,95775,102524
Virginia,NORTHAMPTON,.2718676,49,.2761905,64936,46869,76623
Virginia,NORTHUMBERLAND,.3017456,49,.3049451,80208,66396,84716
Virginia,NOTTOWAY,.3076923,49,.3561644,67917,67823,67978
Virginia,ORANGE,.3415254,49,.3430783,82025,68649,84630
Virginia,PAGE,.25,49,.25,62028,48223,62511
Virginia,PATRICK,.3599222,49,.3536585,54469,60280,54021
Virginia,PITTSYLVANIA,.2691218,49,.2616279,61223,52361,63948
Virginia,POWHATAN,.3167899,49,.3167899,104561,71226,107824
Virginia,PRINCE,.3348168,.3288591,.3514695,130059,115409,145156
Virginia,PULASKI,.3416268,49,.3410183,65261,60548,65612
Virginia,RAPPAHANNOCK,.2805755,49,.2805755,101971,65377,105437
Virginia,ROCKBRIDGE,.2767203,49,.2762763,73807,96920,72520
Virginia,ROCKINGHAM,.2718405,49,.2724182,84655,81643,84921
Virginia,RUSSELL,.388535,49,.388535,51299,43197,51457
Virginia,SCOTT,.3343239,49,.3343239,53469,32009,53780
Virginia,SHENANDOAH,.3188832,49,.3191176,69718,57168,70879
Virginia,SMYTH,.3337004,49,.3340684,50876,43192,51227
Virginia,SOUTHAMPTON,.3562152,49,.3421053,68154,56202,75444
Virginia,SPOTSYLVANIA,.3545638,49,.3549258,106950,85272,115868
Virginia,STAFFORD,.3930932,49,.363587,128826,125933,130508
Virginia,SURRY,.3160622,49,49,70125,61397,77740
Virginia,SUSSEX,.3273273,.2580645,49,60202,50711,73914
Virginia,TAZEWELL,.3672107,49,.3665428,57165,60005,57051
Virginia,WARREN,.3473193,49,.3475894,84701,62731,86929
Virginia,WESTMORELAND,.2826446,49,.2895522,75030,68041,77933
Virginia,WISE,.3490099,49,.3490099,52791,53397,52771
Virginia,WYTHE,.3686975,49,.3686975,64960,43557,65968
Virginia,YORK,.33268,49,.3236423,113116,133697,106425
Virginia,ALEXANDRIA,.2609619,.2754854,.2544883,147537,106471,175192
Virginia,BRISTOL,.2715009,49,.2719595,53193,49119,53429
Virginia,BUENA,.2780488,49,.2780488,55417,45472,56632
Virginia,CHARLOTTESVILLE,.1759628,49,.1762735,93251,69235,102420
Virginia,CHESAPEAKE,.355749,.3023873,.3464567,97971,84659,106629
Virginia,COLONIAL,.3373913,49,.3373913,68797,53398,73134
Virginia,COVINGTON,.2429378,49,.2429378,57657,61585,57096
Virginia,DANVILLE,.2171642,49,49,51599,45010,59118
Virginia,EMPORIA,.3111111,.3111111,49,46692,41665,59839
Virginia,FAIRFAX,.2144608,49,49,138291,115754,152198
Virginia,FALLS,.2193878,49,.2270115,181261,100571,207553
Virginia,FREDERICKSBURG,.2997573,49,49,89208,80428,93692
Virginia,GALAX,.295082,49,.295082,53117,30445,56890
Virginia,HAMPTON,.340868,.3475655,.3058511,74653,72116,78336
Virginia,HARRISONBURG,.2438479,49,.2447447,65667,57595,68846
Virginia,HOPEWELL,.2880886,49,49,53893,47850,59764
Virginia,LEXINGTON,.2300885,49,.2300885,57639,32659,63820
Virginia,LYNCHBURG,.26106,49,.2785455,69107,61200,73149
Virginia,MANASSAS,.3763955,49,49,107214,110052,103759
Virginia,MARTINSVILLE,.2720764,49,49,53176,43040,64589
Virginia,NEWPORT,.3075718,.2974882,49,69805,61445,80903
Virginia,NORFOLK,.2805513,.2693941,.2980936,70842,53741,89375
Virginia,NORTON,.3284672,49,.3284672,48266,30527,49870
Virginia,PETERSBURG,.3198624,.3240175,49,53064,50025,68871
Virginia,POQUOSON,.3552631,49,.3552631,104312,119094,103348
Virginia,PORTSMOUTH,.3010284,.2968917,49,67492,57586,81970
Virginia,RADFORD,.2804233,49,.2936288,56946,74815,55312
Virginia,RICHMOND,.2437677,.2533684,.2345906,83723,46813,120250
Virginia,ROANOKE,.2504848,.2618725,.2532374,62891,52484,69691
Virginia,SALEM,.2651332,49,.2633495,78216,49459,81736
Virginia,STAUNTON,.295082,49,.2945368,69203,80024,67648
Virginia,SUFFOLK,.3715596,49,.4005602,97510,78712,115146
Virginia,VIRGINIA,.3239709,49,.3160522,98881,82399,107624
Virginia,WAYNESBORO,.2919419,49,.2919419,62228,41199,67926
Virginia,WILLIAMSBURG,.2687651,49,.270073,89601,61180,97703
Virginia,WINCHESTER,.2928731,49,.296729,78498,65956,82735
Washington,ASOTIN,.3236515,49,.3236515,70614,52245,72111
Washington,BENTON,.3216393,49,.3285383,92334,69247,99927
Washington,CHELAN,.2840404,49,.2833919,83381,51316,92827
Washington,CLALLAM,.2158657,.3333333,.2140856,68019,54488,70196
Washington,COWLITZ,.3284609,49,.3285509,75014,56574,77899
Washington,FERRY,.2527076,49,.25,60967,52356,63326
Washington,FRANKLIN,.3463285,.3733333,49,79129,57244,98434
Washington,GARFIELD,.3134328,49,.3134328,60910,33739,61942
Washington,GRAYS,.3056714,49,.3062606,77948,81251,77368
Washington,ISLAND,.3037884,49,.3024758,90484,78499,92963
Washington,KING,.2320067,.2401726,.223538,139525,122659,148660
Washington,KITSAP,.3099408,49,.3111397,97436,92008,98629
Washington,KITTITAS,.2708804,49,.2708804,70805,59921,72079
Washington,KLICKITAT,.3033241,49,.305949,72216,64687,73226
Washington,OKANOGAN,.2946824,.3317308,.2751269,59547,49821,62850
Washington,PACIFIC,.2770618,49,.2793734,58738,47206,60335
Washington,PEND,.2568182,49,.2568182,64996,59689,65526
Washington,SAN,.1828859,49,.1828859,94382,70419,96551
Washington,SKAGIT,.2701221,49,.2703176,85948,72780,88397
Washington,SKAMANIA,.2311558,49,.2311558,77041,73925,77360
Washington,SNOHOMISH,.2954954,49,.298051,109561,113293,108278
Washington,SPOKANE,.2653134,49,.266177,80940,69220,82662
Washington,STEVENS,.2525326,49,.2517007,66675,52928,68302
Washington,THURSTON,.3161741,49,.3185722,93918,87922,95368
Washington,WAHKIAKUM,.2836879,49,.2836879,71637,58789,72606
Washington,WALLA,.2855436,49,.2851012,76351,59215,80071
Washington,WHATCOM,.2368676,49,.2392786,84870,81491,85479
Washington,WHITMAN,.2552167,49,.2558327,60706,45608,64272
Washington,YAKIMA,.298575,.3035088,.3193379,72179,63149,79239
West Virginia,BARBOUR,.3512881,49,.3512881,56827,41930,57208
West Virginia,BERKELEY,.3849351,49,.3867925,77564,71139,78507
West Virginia,BOONE,.3564516,49,.3564516,52513,60546,52363
West Virginia,BRAXTON,.3890274,49,.3890274,54597,33602,55251
West Virginia,BROOKE,.3541985,49,.3537519,60771,53861,60931
West Virginia,CABELL,.2910581,49,.2920703,59375,50268,60262
West Virginia,CALHOUN,.3492064,49,.3492064,50297,41447,50453
West Virginia,CLAY,.3231939,49,.3206107,45212,80214,44910
West Virginia,DODDRIDGE,.3916667,49,.3916667,65148,39593,65584
West Virginia,FAYETTE,.3570248,49,.3546462,52802,41611,53579
West Virginia,GILMER,.3166667,49,.3166667,51440,32483,52598
West Virginia,GREENBRIER,.3504587,49,.3505535,55104,44489,55898
West Virginia,HAMPSHIRE,.3210059,49,.3210059,58075,54957,58125
West Virginia,HANCOCK,.3493976,49,.3493976,58679,48816,59094
West Virginia,HARDY,.3487298,49,.3487298,66790,123267,62518
West Virginia,HARRISON,.363993,49,.3650374,73744,89158,73145
West Virginia,KANAWHA,.3056916,49,.3090174,66290,62341,66796
West Virginia,LEWIS,.3963964,49,.3963964,57301,36787,57823
West Virginia,LOGAN,.3615465,49,.362395,53008,40489,53595
West Virginia,MCDOWELL,.3256637,49,.3284672,37916,30354,38477
West Virginia,MARION,.4105603,49,.4129842,64299,46386,65383
West Virginia,MARSHALL,.3969555,49,.3969555,63073,47969,63436
West Virginia,MASON,.3189543,49,.3193717,59868,41192,60160
West Virginia,MERCER,.3549399,49,.3438338,51597,45417,52166
West Virginia,MINERAL,.3800905,49,.3853318,61016,75348,60313
West Virginia,MINGO,.302267,49,.30869,47066,26306,47765
West Virginia,MONONGALIA,.3571937,49,.3601463,83925,63118,86070
West Virginia,MORGAN,.3202847,49,.3202847,67986,67158,68012
West Virginia,NICHOLAS,.3722084,49,.3735849,53287,45835,53521
West Virginia,OHIO,.3140614,49,.3145104,75415,72920,75543
West Virginia,PENDLETON,.3377193,49,.340708,55108,37007,55856
West Virginia,PLEASANTS,.365,49,.365,78502,76195,78536
West Virginia,POCAHONTAS,.3413655,49,.3413655,57786,52930,57837
West Virginia,PRESTON,.4213198,49,.4211597,65439,43342,65937
West Virginia,PUTNAM,.3694051,49,.3696145,80042,91699,79603
West Virginia,RALEIGH,.3805497,49,.3786957,63432,55458,64357
West Virginia,RANDOLPH,.3409091,49,.3409091,61113,46332,61604
West Virginia,RITCHIE,.3701493,49,.3701493,59849,78034,59570
West Virginia,ROANE,.3146341,49,.3146341,53771,46641,53926
West Virginia,SUMMERS,.3412463,49,.3402985,48929,40638,49502
West Virginia,TUCKER,.4377683,49,.4391304,56185,27752,56608
West Virginia,TYLER,.3545817,49,.3574297,60134,38135,60314
West Virginia,UPSHUR,.3585165,49,.3582296,57801,158602,56209
West Virginia,WAYNE,.3152082,49,.3160136,53315,46985,53445
West Virginia,WEBSTER,.3625498,49,.3625498,48138,86700,47995
West Virginia,WETZEL,.372849,49,.3737957,55125,50127,55222
West Virginia,WIRT,.3442623,49,.3442623,54877,14721,55496
West Virginia,WYOMING,.4025356,49,.4028893,55480,68018,55181
Wisconsin,ADAMS,.2952503,49,.2956298,59975,51616,60370
Wisconsin,ASHLAND,.2902584,49,.2895277,56108,46083,57660
Wisconsin,BARRON,.3283784,49,.3283784,69324,53992,69984
Wisconsin,BAYFIELD,.2809917,49,.2826087,69327,55192,71086
Wisconsin,BROWN,.3181818,49,.3271622,82270,68832,84219
Wisconsin,BUFFALO,.2857143,49,.2840095,69429,58271,69792
Wisconsin,BURNETT,.3139746,49,.3139746,65359,50117,66708
Wisconsin,CALUMET,.3361563,49,.3361563,89724,62204,91498
Wisconsin,CHIPPEWA,.3805128,49,.3805128,74108,110173,72996
Wisconsin,CLARK,.3158878,49,.3158878,68330,66101,68435
Wisconsin,COLUMBIA,.3690541,49,.3690541,83215,72757,83623
Wisconsin,CRAWFORD,.3161034,49,.3161034,66507,78380,66242
Wisconsin,DANE,.2904768,49,.2908636,100066,72800,105169
Wisconsin,DODGE,.3512599,49,.3509036,75835,74883,75888
Wisconsin,DOOR,.2520243,49,.2520243,82134,59759,83217
Wisconsin,DOUGLAS,.3305085,49,.3307365,67738,49103,68829
Wisconsin,DUNN,.4061489,49,.4071371,72092,68084,72245
Wisconsin,EAU,.3622022,49,.3623423,82285,60687,84230
Wisconsin,FLORENCE,.2556391,49,.2556391,70861,193084,67177
Wisconsin,FOND,.3327143,49,.3333333,80169,95998,79157
Wisconsin,FOREST,.3843648,49,.3843648,57147,47951,59096
Wisconsin,GRANT,.3687845,49,.3710692,66718,63288,66808
Wisconsin,GREEN,.2917317,49,.2917317,69055,71939,68892
Wisconsin,IOWA,.3461047,49,.3461047,81477,75588,81593
Wisconsin,IRON,.2876712,49,.2819149,56591,85305,55607
Wisconsin,JACKSON,.3188648,49,.3188648,64899,56891,65564
Wisconsin,JEFFERSON,.3263757,49,.3263757,85726,71760,86815
Wisconsin,JUNEAU,.3857494,49,.384901,69362,62256,69688
Wisconsin,KENOSHA,.3407508,49,.3433216,80630,61390,84344
Wisconsin,KEWAUNEE,.3261538,49,.3261538,74516,61084,75130
Wisconsin,LA,.3295711,49,.3300311,77894,67701,78685
Wisconsin,LAFAYETTE,.3727811,49,.3722772,70569,54281,71170
Wisconsin,LANGLADE,.3256881,49,.3251534,61063,33622,62129
Wisconsin,MANITOWOC,.2783056,49,.2778443,74016,44475,75864
Wisconsin,MARATHON,.3218132,49,.3223783,81127,73734,81676
Wisconsin,MARINETTE,.2505384,49,.2505384,62297,67681,62131
Wisconsin,MARQUETTE,.3583815,49,.3583815,63631,50585,64188
Wisconsin,MENOMINEE,.2631579,.2631579,49,63344,59498,83571
Wisconsin,MILWAUKEE,.2712862,.2370805,.2961446,71436,50585,86197
Wisconsin,MONROE,.374613,49,.375,72904,83777,72239
Wisconsin,OCONTO,.3420196,49,.3420196,72277,49391,73169
Wisconsin,ONEIDA,.320155,49,.3193473,77560,77141,77573
Wisconsin,OUTAGAMIE,.3331673,49,.3342228,80986,73974,81580
Wisconsin,OZAUKEE,.2957118,49,.2957118,122526,151519,120281
Wisconsin,PEPIN,.3080357,49,.3080357,70171,95601,69534
Wisconsin,PIERCE,.3781902,49,.3781902,87038,74244,87400
Wisconsin,POLK,.3596257,49,.3596257,72256,59968,72637
Wisconsin,PORTAGE,.3137979,49,.3137979,78508,78552,78506
Wisconsin,PRICE,.2004132,49,.2008281,60685,57318,60905
Wisconsin,RACINE,.3245383,.2746781,.3381803,80173,54101,88059
Wisconsin,RICHLAND,.3237925,49,.323741,64330,30047,65536
Wisconsin,ROCK,.3624292,49,.3636185,72840,55458,74938
Wisconsin,RUSK,.1995614,49,.1995614,57903,59361,57828
Wisconsin,ST.,.4055347,49,.4055347,102083,54467,103960
Wisconsin,SAUK,.349566,49,.350365,74615,77355,74465
Wisconsin,SAWYER,.2801252,49,.2852459,69754,45217,75941
Wisconsin,SHAWANO,.3088858,49,.310219,69567,55158,71222
Wisconsin,SHEBOYGAN,.3232747,49,.3235046,77648,64195,79188
Wisconsin,TAYLOR,.3117338,49,.3117338,65697,54228,66005
Wisconsin,TREMPEALEAU,.3536325,49,.3536325,70909,56938,71642
Wisconsin,VERNON,.3292831,49,.3292831,65262,68022,65188
Wisconsin,VILAS,.291939,49,.2904412,68483,41742,72090
Wisconsin,WALWORTH,.3524269,49,.3521341,85484,66694,87496
Wisconsin,WASHBURN,.3316832,49,.3316832,64961,52204,65492
Wisconsin,WASHINGTON,.3340894,49,.3340145,94877,73422,96050
Wisconsin,WAUKESHA,.3081181,49,.3080009,119042,122610,118698
Wisconsin,WAUPACA,.3704994,49,.37078,73105,54100,73777
Wisconsin,WAUSHARA,.3162055,49,.3166227,68310,56058,68977
Wisconsin,WINNEBAGO,.313055,49,.3137106,77165,59698,78972
Wisconsin,WOOD,.2687574,49,.2687574,73613,54289,74572
Wyoming,ALBANY,.3012704,49,.3018182,68577,50818,71760
Wyoming,BIG,.3008596,49,.3008596,63375,47273,64729
Wyoming,CAMPBELL,.3991292,49,.3986175,91699,63894,94362
Wyoming,CARBON,.4013762,49,.4013762,71697,64533,73317
Wyoming,CONVERSE,.3949192,49,.3949192,81708,64023,83229
Wyoming,CROOK,.3971963,49,.3971963,74378,86599,73981
Wyoming,FREMONT,.3044575,.2990654,.3095014,73599,59032,77165
Wyoming,GOSHEN,.3089431,49,.3097826,68090,62115,68838
Wyoming,HOT,.2435897,49,.2435897,66157,80898,65097
Wyoming,JOHNSON,.2284644,49,.2284644,81359,49491,83862
Wyoming,LARAMIE,.3698672,49,.3736892,95612,90063,96546
Wyoming,LINCOLN,.3861066,49,.3861066,80323,52076,81876
Wyoming,NATRONA,.3452523,49,.3465468,79046,59436,81193
Wyoming,NIOBRARA,.3125,49,.3125,54980,114536,54293
Wyoming,PARK,.2744887,49,.2744887,82323,44783,84620
Wyoming,PLATTE,.2941177,49,.2941177,77665,64066,79422
Wyoming,SHERIDAN,.3065327,49,.3065327,80525,60168,81885
Wyoming,SUBLETTE,.4052045,49,.4052045,92755,91896,92811
Wyoming,SWEETWATER,.4200164,49,.4255499,85346,64674,89540
Wyoming,TETON,.2642424,49,.2479609,132531,71564,141299
Wyoming,UINTA,.4119658,49,.4179894,74938,72010,75273
Wyoming,WASHAKIE,.2627451,49,.2627451,65496,56047,67192
Wyoming,WESTON,.387931,49,.3896104,68877,37509,69485
